-- MySQL dump 10.13  Distrib 5.5.28, for debian-linux-gnu (x86_64)
--
-- Host: localhost    Database: episodik_development
-- ------------------------------------------------------
-- Server version	5.5.28-0ubuntu0.12.10.1

/*!40101 SET @OLD_CHARACTER_SET_CLIENT=@@CHARACTER_SET_CLIENT */;
/*!40101 SET @OLD_CHARACTER_SET_RESULTS=@@CHARACTER_SET_RESULTS */;
/*!40101 SET @OLD_COLLATION_CONNECTION=@@COLLATION_CONNECTION */;
/*!40101 SET NAMES utf8 */;
/*!40103 SET @OLD_TIME_ZONE=@@TIME_ZONE */;
/*!40103 SET TIME_ZONE='+00:00' */;
/*!40014 SET @OLD_UNIQUE_CHECKS=@@UNIQUE_CHECKS, UNIQUE_CHECKS=0 */;
/*!40014 SET @OLD_FOREIGN_KEY_CHECKS=@@FOREIGN_KEY_CHECKS, FOREIGN_KEY_CHECKS=0 */;
/*!40101 SET @OLD_SQL_MODE=@@SQL_MODE, SQL_MODE='NO_AUTO_VALUE_ON_ZERO' */;
/*!40111 SET @OLD_SQL_NOTES=@@SQL_NOTES, SQL_NOTES=0 */;

--
-- Table structure for table `genres`
--

DROP TABLE IF EXISTS `genres`;
/*!40101 SET @saved_cs_client     = @@character_set_client */;
/*!40101 SET character_set_client = utf8 */;
CREATE TABLE `genres` (
  `show_id` int(11) NOT NULL AUTO_INCREMENT,
  `genre` varchar(100) COLLATE utf8_unicode_ci NOT NULL,
  PRIMARY KEY (`show_id`,`genre`)
) ENGINE=InnoDB AUTO_INCREMENT=1765 DEFAULT CHARSET=utf8 COLLATE=utf8_unicode_ci;
/*!40101 SET character_set_client = @saved_cs_client */;

--
-- Dumping data for table `genres`
--

LOCK TABLES `genres` WRITE;
/*!40000 ALTER TABLE `genres` DISABLE KEYS */;
INSERT INTO `genres` VALUES (1,'Comedy'),(2,'Comedy'),(4,'Documentary'),(5,'Drama'),(5,'Horror'),(5,'Mystery'),(8,'Comedy'),(9,'Reality'),(10,'Comedy'),(11,'Comedy'),(13,'Crime'),(13,'Drama'),(13,'Mystery'),(16,'Comedy'),(17,'Comedy'),(17,'Sci'),(23,'Drama'),(23,'Horror'),(23,'Sci'),(25,'Drama'),(25,'Family'),(26,'Comedy'),(26,'Game'),(29,'Comedy'),(30,'Drama'),(32,'Horror'),(32,'Thriller'),(33,'Adventure'),(33,'Animation'),(33,'Comedy'),(34,'Documentary'),(35,'Crime'),(35,'Drama'),(35,'Mystery'),(36,'Action'),(36,'Comedy'),(36,'Family'),(40,'Comedy'),(41,'Comedy'),(42,'Comedy'),(42,'Romance'),(43,'Comedy'),(44,'Comedy'),(46,'Animation'),(46,'Fantasy'),(48,'Adventure'),(48,'Animation'),(48,'Sci'),(50,'Drama'),(51,'Action'),(51,'Documentary'),(51,'Drama'),(53,'Animation'),(53,'Comedy'),(53,'Family'),(55,'Action'),(55,'Crime'),(55,'Drama'),(58,'Comedy'),(61,'Comedy'),(61,'Drama'),(65,'Comedy'),(65,'War'),(66,'Comedy'),(66,'Drama'),(66,'Fantasy'),(71,'Reality'),(72,'Animation'),(72,'Comedy'),(75,'Drama'),(75,'Horror'),(75,'Thriller'),(77,'Reality'),(81,'Reality'),(84,'Comedy'),(84,'Family'),(84,'Reality'),(85,'Game'),(86,'Crime'),(86,'Drama'),(88,'Reality'),(89,'Comedy'),(90,'Comedy'),(90,'Documentary'),(94,'Drama'),(100,'Documentary'),(102,'Drama'),(106,'Drama'),(107,'Comedy'),(108,'Family'),(108,'Horror'),(108,'Mystery'),(110,'Drama'),(111,'Reality'),(112,'Comedy'),(112,'Drama'),(121,'Reality'),(124,'Reality'),(125,'Action'),(125,'Adventure'),(125,'Animation'),(134,'Comedy'),(135,'Comedy'),(136,'Reality'),(138,'Reality'),(139,'Adventure'),(139,'Animation'),(139,'Family'),(141,'Documentary'),(141,'Family'),(149,'Action'),(149,'Adventure'),(149,'Animation'),(152,'Documentary'),(153,'Action'),(153,'Adventure'),(153,'Drama'),(156,'Crime'),(156,'Drama'),(158,'Reality'),(160,'Animation'),(160,'Comedy'),(160,'Music'),(162,'Crime'),(163,'Comedy'),(163,'Drama'),(163,'Fantasy'),(168,'Comedy'),(170,'Comedy'),(176,'Comedy'),(177,'Comedy'),(178,'Reality'),(179,'Drama'),(179,'Romance'),(181,'Comedy'),(181,'Family'),(181,'Fantasy'),(182,'Fantasy'),(182,'Mystery'),(182,'Thriller'),(183,'Fantasy'),(183,'Mystery'),(183,'Thriller'),(184,'Fantasy'),(184,'Mystery'),(184,'Thriller'),(188,'Game'),(194,'Drama'),(197,'Drama'),(207,'Action'),(207,'Adventure'),(207,'Drama'),(208,'Comedy'),(215,'Drama'),(215,'Fantasy'),(215,'Horror'),(216,'Crime'),(216,'Drama'),(218,'Crime'),(218,'Drama'),(219,'Animation'),(219,'Comedy'),(220,'Crime'),(220,'Drama'),(221,'Action'),(221,'Comedy'),(221,'Drama'),(225,'Comedy'),(225,'Crime'),(225,'Mystery'),(227,'Comedy'),(227,'Crime'),(227,'Drama'),(228,'Documentary'),(228,'Reality'),(230,'Comedy'),(230,'Drama'),(230,'Family'),(234,'Documentary'),(234,'Reality'),(235,'Crime'),(235,'Drama'),(235,'Thriller'),(236,'Action'),(236,'Comedy'),(237,'Reality'),(238,'Crime'),(238,'Drama'),(238,'Thriller'),(240,'Animation'),(240,'Comedy'),(241,'Reality'),(245,'Reality'),(246,'Drama'),(251,'Comedy'),(255,'Reality'),(256,'Comedy'),(256,'Drama'),(258,'Action'),(258,'Crime'),(258,'Drama'),(266,'Comedy'),(266,'Documentary'),(267,'Reality'),(269,'Reality'),(271,'Action'),(271,'Drama'),(271,'Sci'),(274,'Animation'),(274,'Fantasy'),(274,'Sci'),(275,'Adventure'),(275,'Animation'),(275,'Comedy'),(276,'Comedy'),(280,'Drama'),(280,'Fantasy'),(280,'Mystery'),(282,'Comedy'),(282,'Drama'),(285,'Reality'),(287,'Comedy'),(287,'Game'),(288,'Game'),(290,'Action'),(290,'Animation'),(290,'Sci'),(292,'Comedy'),(292,'Music'),(293,'Drama'),(293,'Fantasy'),(293,'Mystery'),(294,'Action'),(294,'Adventure'),(294,'Crime'),(296,'Comedy'),(296,'Drama'),(296,'Fantasy'),(298,'Action'),(298,'Crime'),(298,'Drama'),(299,'Comedy'),(299,'Drama'),(300,'Comedy'),(300,'Talk'),(303,'Comedy'),(304,'Adventure'),(304,'Animation'),(304,'Comedy'),(308,'Crime'),(308,'Drama'),(308,'Mystery'),(311,'Animation'),(311,'Comedy'),(335,'Comedy'),(336,'Drama'),(338,'Comedy'),(341,'Comedy'),(342,'Animation'),(342,'Comedy'),(342,'Family'),(343,'News'),(343,'Talk'),(346,'Action'),(346,'Crime'),(346,'Drama'),(347,'Animation'),(347,'Comedy'),(347,'Family'),(353,'Horror'),(353,'Mystery'),(354,'Crime'),(354,'Drama'),(354,'Mystery'),(355,'Drama'),(357,'Adventure'),(357,'Drama'),(357,'History'),(358,'Crime'),(358,'Drama'),(358,'Mystery'),(359,'Action'),(359,'Crime'),(359,'Drama'),(360,'Action'),(360,'Crime'),(360,'Drama'),(363,'Comedy'),(366,'Comedy'),(366,'Talk'),(368,'Crime'),(368,'Drama'),(368,'Mystery'),(371,'Animation'),(371,'Comedy'),(372,'Action'),(372,'Drama'),(372,'Mystery'),(373,'Action'),(373,'Crime'),(373,'Drama'),(374,'Documentary'),(374,'Horror'),(374,'Sci'),(375,'Animation'),(375,'Comedy'),(375,'Family'),(376,'Drama'),(377,'Crime'),(377,'Drama'),(379,'Comedy'),(379,'Drama'),(379,'Fantasy'),(380,'Documentary'),(380,'Reality'),(381,'Action'),(381,'Adventure'),(381,'History'),(382,'Crime'),(382,'Drama'),(382,'History'),(383,'Crime'),(383,'Drama'),(386,'Drama'),(386,'Sci'),(392,'Comedy'),(392,'Drama'),(392,'Romance'),(394,'Reality'),(395,'Action'),(395,'Crime'),(395,'Drama'),(399,'Crime'),(399,'Drama'),(399,'Mystery'),(400,'Animation'),(400,'Comedy'),(405,'Animation'),(412,'Drama'),(414,'Reality'),(416,'Comedy'),(417,'Comedy'),(417,'Drama'),(417,'Fantasy'),(419,'Adventure'),(419,'Drama'),(419,'Family'),(420,'Documentary'),(421,'Reality'),(424,'Drama'),(424,'Mystery'),(424,'Sci'),(427,'Comedy'),(431,'Drama'),(432,'Animation'),(432,'Comedy'),(433,'Drama'),(433,'Family'),(433,'Western'),(436,'Action'),(436,'Adventure'),(436,'Animation'),(439,'Animation'),(439,'Comedy'),(443,'Comedy'),(443,'Drama'),(444,'Reality'),(445,'Animation'),(445,'Comedy'),(445,'Drama'),(446,'Adventure'),(446,'Animation'),(446,'Comedy'),(448,'Game'),(450,'Action'),(450,'Crime'),(450,'Drama'),(455,'Drama'),(455,'Fantasy'),(456,'Adventure'),(456,'Sci'),(457,'Action'),(457,'Drama'),(457,'Mystery'),(465,'Crime'),(465,'Drama'),(465,'Mystery'),(467,'Comedy'),(467,'Drama'),(470,'Crime'),(470,'Drama'),(478,'Drama'),(479,'Comedy'),(480,'Comedy'),(481,'Adventure'),(481,'Animation'),(481,'Family'),(482,'Reality'),(483,'Comedy'),(483,'Drama'),(485,'Documentary'),(487,'Reality'),(492,'Documentary'),(492,'Mystery'),(492,'Reality'),(494,'Comedy'),(494,'Drama'),(496,'Animation'),(496,'Comedy'),(497,'Comedy'),(497,'Drama'),(497,'Family'),(500,'Action'),(500,'Animation'),(500,'Family'),(501,'Adventure'),(501,'Sci'),(504,'Comedy'),(505,'Comedy'),(506,'Game'),(508,'Drama'),(510,'Action'),(510,'Animation'),(510,'Comedy'),(511,'Documentary'),(511,'Drama'),(512,'Adventure'),(512,'Drama'),(512,'Sci'),(514,'Drama'),(514,'Mystery'),(514,'Sci'),(515,'Action'),(515,'Crime'),(515,'Drama'),(517,'Comedy'),(517,'Music'),(519,'Reality'),(520,'Reality'),(529,'Comedy'),(532,'Fantasy'),(532,'Horror'),(532,'Thriller'),(533,'Comedy'),(534,'Documentary'),(535,'Comedy'),(535,'Drama'),(536,'Drama'),(536,'Sport'),(537,'Horror'),(539,'Comedy'),(540,'Drama'),(540,'Mystery'),(540,'Sci'),(541,'Animation'),(541,'Comedy'),(541,'Sci'),(545,'Animation'),(545,'Comedy'),(545,'Sci'),(548,'Animation'),(550,'Adventure'),(550,'Animation'),(550,'Sci'),(551,'Adventure'),(551,'Drama'),(551,'Fantasy'),(553,'Biography'),(553,'Crime'),(553,'History'),(554,'Action'),(554,'Animation'),(554,'Crime'),(556,'Comedy'),(556,'Horror'),(558,'Comedy'),(562,'Comedy'),(562,'Drama'),(567,'Comedy'),(567,'Crime'),(567,'Mystery'),(568,'History'),(568,'Sci'),(572,'Drama'),(572,'Fantasy'),(575,'Comedy'),(575,'Family'),(576,'Comedy'),(576,'Drama'),(583,'Thriller'),(584,'Comedy'),(584,'Drama'),(585,'Documentary'),(589,'Animation'),(589,'Comedy'),(589,'Family'),(590,'Family'),(590,'Fantasy'),(590,'Horror'),(594,'Drama'),(594,'Romance'),(596,'Animation'),(596,'Comedy'),(596,'Fantasy'),(597,'Drama'),(600,'Action'),(600,'Animation'),(600,'Sci'),(601,'Comedy'),(601,'Drama'),(604,'Comedy'),(607,'Drama'),(607,'Family'),(607,'Fantasy'),(610,'Documentary'),(613,'Comedy'),(613,'Family'),(613,'Music'),(614,'Comedy'),(615,'Comedy'),(616,'Drama'),(616,'Mystery'),(616,'Thriller'),(619,'Reality'),(622,'Comedy'),(622,'Crime'),(622,'Drama'),(623,'Comedy'),(623,'Drama'),(625,'Reality'),(626,'Reality'),(628,'Crime'),(628,'Drama'),(628,'Fantasy'),(630,'Drama'),(635,'Reality'),(636,'Documentary'),(638,'Comedy'),(638,'Drama'),(639,'Reality'),(640,'Reality'),(641,'Action'),(641,'Adventure'),(641,'Drama'),(642,'Reality'),(643,'Comedy'),(652,'Action'),(652,'Adventure'),(659,'Comedy'),(659,'War'),(661,'Drama'),(672,'Drama'),(674,'Comedy'),(676,'Reality'),(678,'Drama'),(678,'Family'),(678,'Mystery'),(680,'Comedy'),(680,'Drama'),(680,'Family'),(682,'Comedy'),(682,'Romance'),(683,'Comedy'),(684,'Comedy'),(684,'Drama'),(689,'Action'),(689,'Adventure'),(689,'Crime'),(693,'Animation'),(693,'Comedy'),(693,'Family'),(694,'Reality'),(695,'Comedy'),(695,'Family'),(695,'Fantasy'),(697,'Comedy'),(698,'Comedy'),(698,'Drama'),(701,'Comedy'),(701,'Family'),(702,'Reality'),(703,'Documentary'),(703,'Reality'),(704,'Comedy'),(705,'Reality'),(707,'Crime'),(707,'Drama'),(707,'Mystery'),(708,'Comedy'),(709,'Documentary'),(709,'War'),(710,'Drama'),(714,'Action'),(714,'Adventure'),(714,'Animation'),(719,'Game'),(723,'Comedy'),(724,'Action'),(724,'Adventure'),(724,'Comedy'),(726,'Animation'),(726,'Family'),(726,'Fantasy'),(727,'Action'),(727,'Crime'),(727,'Drama'),(729,'Drama'),(729,'Sci'),(730,'Comedy'),(735,'Comedy'),(735,'Drama'),(735,'Reality'),(737,'Comedy'),(738,'Drama'),(738,'Fantasy'),(742,'Fantasy'),(742,'Romance'),(742,'Sci'),(743,'Reality'),(745,'Reality'),(750,'Action'),(750,'Adventure'),(750,'Animation'),(751,'Action'),(751,'Crime'),(751,'Drama'),(752,'Crime'),(752,'Drama'),(757,'Comedy'),(761,'Comedy'),(761,'Reality'),(765,'Crime'),(765,'Drama'),(765,'Mystery'),(766,'Adventure'),(766,'Animation'),(766,'Family'),(769,'Animation'),(769,'Comedy'),(769,'Drama'),(771,'Drama'),(771,'Fantasy'),(771,'Horror'),(773,'Comedy'),(777,'Documentary'),(778,'Reality'),(780,'Drama'),(780,'Mystery'),(780,'Sci'),(781,'Action'),(781,'Drama'),(781,'Romance'),(782,'Documentary'),(789,'Action'),(789,'Drama'),(789,'Mystery'),(790,'Comedy'),(790,'Talk'),(804,'Action'),(804,'Crime'),(804,'Mystery'),(805,'Adventure'),(805,'Sci'),(806,'Crime'),(806,'Drama'),(806,'Mystery'),(810,'Drama'),(811,'Family'),(816,'Crime'),(816,'Drama'),(816,'Thriller'),(817,'Drama'),(818,'Comedy'),(818,'Drama'),(820,'Comedy'),(823,'Comedy'),(824,'Reality'),(825,'Comedy'),(825,'Family'),(828,'Drama'),(830,'Drama'),(830,'Western'),(832,'Crime'),(832,'Fantasy'),(832,'Horror'),(837,'Comedy'),(840,'Reality'),(842,'Comedy'),(848,'Comedy'),(848,'Romance'),(849,'Comedy'),(850,'Drama'),(852,'Drama'),(853,'Crime'),(853,'Drama'),(853,'Mystery'),(855,'Crime'),(855,'Drama'),(855,'Mystery'),(858,'Comedy'),(859,'Reality'),(862,'Adventure'),(862,'Reality'),(864,'Reality'),(871,'Horror'),(871,'Thriller'),(875,'Crime'),(875,'Drama'),(875,'Mystery'),(876,'Comedy'),(879,'Drama'),(880,'Comedy'),(880,'Crime'),(880,'Drama'),(881,'Comedy'),(881,'Drama'),(883,'Comedy'),(883,'Drama'),(883,'Romance'),(884,'Comedy'),(884,'Drama'),(886,'Drama'),(888,'Animation'),(888,'Comedy'),(888,'Music'),(889,'Action'),(889,'Drama'),(889,'Mystery'),(890,'Action'),(890,'Crime'),(890,'Drama'),(891,'Crime'),(891,'Drama'),(891,'Mystery'),(896,'Reality'),(899,'Game'),(900,'Comedy'),(900,'Drama'),(900,'Fantasy'),(908,'Reality'),(909,'Comedy'),(909,'Game'),(910,'Comedy'),(912,'Comedy'),(912,'Drama'),(912,'Mystery'),(913,'Animation'),(913,'Comedy'),(915,'Documentary'),(917,'Comedy'),(917,'Music'),(919,'Drama'),(919,'Fantasy'),(919,'Horror'),(920,'Comedy'),(920,'Drama'),(920,'Mystery'),(923,'Comedy'),(927,'Drama'),(928,'Comedy'),(930,'Animation'),(930,'Family'),(933,'Crime'),(933,'Drama'),(933,'Mystery'),(934,'Action'),(934,'Adventure'),(934,'Drama'),(938,'Comedy'),(946,'Comedy'),(947,'Action'),(947,'Drama'),(947,'Thriller'),(949,'Reality'),(950,'Comedy'),(951,'Documentary'),(951,'Mystery'),(956,'History'),(961,'Crime'),(961,'Drama'),(961,'Mystery'),(962,'Drama'),(964,'Animation'),(964,'Comedy'),(965,'Comedy'),(965,'Game'),(966,'Crime'),(966,'Drama'),(967,'Comedy'),(968,'Comedy'),(968,'Crime'),(968,'Drama'),(969,'Comedy'),(969,'Romance'),(970,'Comedy'),(974,'Action'),(974,'Comedy'),(974,'Drama'),(976,'Comedy'),(976,'Drama'),(979,'Crime'),(979,'Drama'),(979,'Mystery'),(980,'Comedy'),(980,'Drama'),(983,'Crime'),(983,'Drama'),(984,'Crime'),(984,'Drama'),(984,'Mystery'),(985,'Reality'),(986,'Action'),(986,'Adventure'),(986,'Family'),(987,'Drama'),(987,'Mystery'),(989,'Comedy'),(990,'Action'),(990,'Adventure'),(990,'Drama'),(991,'Comedy'),(991,'Drama'),(994,'Reality'),(995,'Reality'),(997,'Drama'),(997,'Sport'),(998,'Comedy'),(1002,'Comedy'),(1003,'Drama'),(1003,'Sci'),(1005,'Comedy'),(1005,'Drama'),(1006,'Comedy'),(1006,'Crime'),(1006,'Drama'),(1007,'Comedy'),(1008,'Action'),(1008,'Drama'),(1008,'War'),(1010,'Comedy'),(1010,'Drama'),(1011,'Action'),(1011,'Sci'),(1016,'Documentary'),(1016,'Mystery'),(1016,'Reality'),(1017,'Reality'),(1019,'Comedy'),(1019,'Drama'),(1021,'Reality'),(1022,'Comedy'),(1024,'Crime'),(1024,'Drama'),(1024,'Mystery'),(1025,'Reality'),(1026,'Reality'),(1027,'Comedy'),(1032,'Comedy'),(1032,'Romance'),(1033,'Action'),(1033,'Drama'),(1033,'Mystery'),(1034,'Drama'),(1034,'Mystery'),(1034,'Thriller'),(1036,'Animation'),(1036,'Comedy'),(1036,'Family'),(1037,'Comedy'),(1039,'Game'),(1042,'Reality'),(1044,'Action'),(1044,'Animation'),(1044,'Documentary'),(1045,'Adventure'),(1045,'Animation'),(1045,'Short'),(1048,'Crime'),(1048,'Drama'),(1048,'Horror'),(1050,'Reality'),(1058,'Drama'),(1058,'Mystery'),(1058,'Thriller'),(1059,'Crime'),(1059,'Drama'),(1059,'Thriller'),(1064,'Comedy'),(1064,'Drama'),(1064,'Romance'),(1065,'Comedy'),(1068,'Game'),(1072,'Reality'),(1074,'Comedy'),(1074,'Crime'),(1074,'Mystery'),(1076,'Drama'),(1079,'Comedy'),(1079,'Drama'),(1079,'Fantasy'),(1081,'Comedy'),(1081,'Game'),(1082,'Adventure'),(1082,'Animation'),(1082,'Comedy'),(1085,'Comedy'),(1085,'Drama'),(1085,'Family'),(1087,'Comedy'),(1087,'Drama'),(1092,'Comedy'),(1092,'Talk'),(1094,'Adventure'),(1094,'Comedy'),(1094,'Drama'),(1095,'Comedy'),(1095,'Drama'),(1096,'Action'),(1096,'Adventure'),(1096,'Animation'),(1098,'Action'),(1098,'Adventure'),(1098,'Animation'),(1100,'Comedy'),(1101,'Drama'),(1101,'Sci'),(1103,'Adventure'),(1103,'Fantasy'),(1103,'Mystery'),(1105,'Action'),(1105,'Drama'),(1106,'Comedy'),(1106,'Crime'),(1107,'Comedy'),(1107,'Crime'),(1107,'Drama'),(1109,'Comedy'),(1109,'Drama'),(1110,'Reality'),(1112,'Comedy'),(1117,'Comedy'),(1118,'Reality'),(1119,'Crime'),(1119,'Drama'),(1119,'Mystery'),(1123,'Adventure'),(1123,'Drama'),(1123,'Family'),(1127,'Animation'),(1127,'Comedy'),(1128,'News'),(1132,'Crime'),(1132,'Drama'),(1133,'Comedy'),(1133,'Drama'),(1134,'Comedy'),(1134,'Reality'),(1139,'Comedy'),(1139,'Drama'),(1140,'Crime'),(1140,'Drama'),(1140,'Mystery'),(1143,'Comedy'),(1144,'Animation'),(1144,'Comedy'),(1144,'Family'),(1145,'Comedy'),(1145,'Romance'),(1146,'Comedy'),(1150,'Crime'),(1150,'Drama'),(1152,'Comedy'),(1152,'Family'),(1152,'Fantasy'),(1154,'Comedy'),(1154,'Mystery'),(1154,'Romance'),(1160,'Comedy'),(1160,'Music'),(1164,'Comedy'),(1165,'Reality'),(1170,'Animation'),(1170,'Family'),(1170,'Mystery'),(1174,'Comedy'),(1174,'Drama'),(1176,'Animation'),(1176,'Comedy'),(1176,'Sci'),(1177,'Documentary'),(1178,'Drama'),(1179,'Reality'),(1181,'Comedy'),(1184,'Comedy'),(1184,'Romance'),(1185,'Comedy'),(1185,'Family'),(1189,'Reality'),(1191,'Action'),(1191,'Adventure'),(1191,'Animation'),(1194,'Reality'),(1197,'Crime'),(1197,'Drama'),(1197,'Mystery'),(1198,'Animation'),(1198,'Sci'),(1199,'Action'),(1199,'Sci'),(1207,'Drama'),(1210,'Comedy'),(1210,'Drama'),(1212,'Comedy'),(1212,'Drama'),(1212,'Romance'),(1213,'Sci'),(1216,'Drama'),(1216,'Romance'),(1216,'Sci'),(1217,'Comedy'),(1217,'Drama'),(1217,'Family'),(1219,'Animation'),(1219,'Family'),(1219,'Fantasy'),(1223,'Adventure'),(1223,'Family'),(1223,'Mystery'),(1225,'Reality'),(1227,'Action'),(1227,'Adventure'),(1227,'Animation'),(1228,'Crime'),(1228,'Drama'),(1228,'Thriller'),(1229,'Reality'),(1230,'Comedy'),(1234,'Crime'),(1234,'Drama'),(1238,'Action'),(1238,'Adventure'),(1238,'Biography'),(1241,'Action'),(1241,'Animation'),(1241,'Crime'),(1246,'Comedy'),(1248,'Animation'),(1248,'Comedy'),(1248,'Family'),(1251,'Comedy'),(1253,'Action'),(1253,'Drama'),(1253,'Sci'),(1254,'Action'),(1254,'Adventure'),(1254,'Sci'),(1255,'Action'),(1255,'Adventure'),(1255,'Sci'),(1256,'Action'),(1256,'Adventure'),(1256,'Sci'),(1257,'Action'),(1257,'Adventure'),(1257,'Animation'),(1258,'Action'),(1258,'Drama'),(1258,'Sci'),(1259,'Action'),(1259,'Adventure'),(1259,'Sci'),(1260,'Drama'),(1260,'Sci'),(1262,'Comedy'),(1264,'Action'),(1264,'Adventure'),(1264,'Animation'),(1265,'Reality'),(1266,'Comedy'),(1274,'Comedy'),(1276,'Action'),(1276,'Drama'),(1276,'Thriller'),(1277,'Reality'),(1283,'Comedy'),(1283,'Drama'),(1285,'Drama'),(1286,'Family'),(1286,'Sci'),(1289,'Action'),(1289,'Adventure'),(1289,'Animation'),(1293,'Drama'),(1293,'Mystery'),(1293,'Sci'),(1295,'Comedy'),(1299,'Comedy'),(1307,'Drama'),(1307,'Family'),(1312,'Game'),(1313,'Comedy'),(1313,'Crime'),(1313,'Horror'),(1315,'Adventure'),(1315,'Animation'),(1315,'Comedy'),(1321,'Documentary'),(1321,'Reality'),(1322,'Action'),(1322,'Adventure'),(1322,'Animation'),(1327,'Action'),(1327,'Sci'),(1328,'Adventure'),(1328,'Mystery'),(1328,'Sci'),(1330,'Comedy'),(1333,'Comedy'),(1333,'Romance'),(1334,'Comedy'),(1334,'Family'),(1334,'Fantasy'),(1335,'Sci'),(1337,'Action'),(1337,'Adventure'),(1337,'Crime'),(1340,'Animation'),(1340,'Fantasy'),(1342,'Crime'),(1342,'Drama'),(1342,'Mystery'),(1345,'Animation'),(1345,'Family'),(1347,'Game'),(1349,'Game'),(1351,'Game'),(1352,'Reality'),(1354,'Comedy'),(1354,'Drama'),(1354,'Family'),(1357,'Comedy'),(1358,'Comedy'),(1358,'Drama'),(1364,'Action'),(1364,'Animation'),(1364,'Comedy'),(1366,'Action'),(1366,'Animation'),(1366,'Comedy'),(1367,'Comedy'),(1367,'Family'),(1368,'Talk'),(1373,'Comedy'),(1374,'Crime'),(1374,'Drama'),(1376,'Reality'),(1378,'Animation'),(1378,'Comedy'),(1381,'Comedy'),(1381,'News'),(1381,'Talk'),(1385,'Comedy'),(1385,'News'),(1385,'Talk'),(1386,'Horror'),(1386,'Sci'),(1387,'Drama'),(1387,'Fantasy'),(1387,'Mystery'),(1389,'Drama'),(1391,'Talk'),(1393,'Comedy'),(1393,'Drama'),(1395,'Action'),(1395,'Adventure'),(1395,'Comedy'),(1396,'Comedy'),(1396,'Talk'),(1398,'Crime'),(1398,'Drama'),(1398,'Mystery'),(1399,'Comedy'),(1399,'Drama'),(1400,'Comedy'),(1401,'Comedy'),(1402,'Fantasy'),(1402,'Horror'),(1406,'Comedy'),(1407,'Comedy'),(1407,'Crime'),(1407,'Drama'),(1408,'Action'),(1408,'Drama'),(1409,'Crime'),(1409,'Mystery'),(1409,'Reality'),(1410,'Animation'),(1410,'Comedy'),(1410,'Family'),(1413,'Comedy'),(1413,'Family'),(1416,'Crime'),(1416,'Drama'),(1416,'Mystery'),(1418,'Action'),(1418,'Crime'),(1418,'Drama'),(1422,'Comedy'),(1422,'Drama'),(1424,'Comedy'),(1425,'Crime'),(1425,'Drama'),(1425,'Mystery'),(1427,'Comedy'),(1427,'Talk'),(1431,'Action'),(1431,'Adventure'),(1431,'Family'),(1432,'Talk'),(1434,'Animation'),(1434,'Family'),(1434,'Fantasy'),(1450,'Comedy'),(1451,'Comedy'),(1451,'Crime'),(1453,'Drama'),(1454,'Comedy'),(1458,'Adventure'),(1458,'Animation'),(1459,'Comedy'),(1461,'Crime'),(1461,'Drama'),(1461,'Fantasy'),(1462,'Reality'),(1466,'Adventure'),(1466,'Animation'),(1466,'Fantasy'),(1469,'Crime'),(1469,'Drama'),(1469,'Mystery'),(1471,'Comedy'),(1471,'Drama'),(1471,'Sci'),(1472,'Comedy'),(1472,'Fantasy'),(1472,'Musical'),(1474,'Comedy'),(1475,'Crime'),(1475,'Drama'),(1479,'Comedy'),(1480,'Comedy'),(1482,'Drama'),(1484,'Game'),(1487,'Comedy'),(1487,'Drama'),(1487,'Romance'),(1489,'Comedy'),(1489,'Drama'),(1490,'Comedy'),(1490,'News'),(1492,'Reality'),(1495,'Action'),(1498,'Action'),(1498,'Adventure'),(1498,'Animation'),(1499,'Documentary'),(1499,'Reality'),(1500,'Animation'),(1500,'Comedy'),(1501,'Crime'),(1501,'Drama'),(1502,'Crime'),(1502,'Drama'),(1502,'Mystery'),(1503,'Drama'),(1503,'Sci'),(1504,'Drama'),(1505,'Documentary'),(1506,'Animation'),(1506,'Comedy'),(1506,'Drama'),(1512,'Reality'),(1523,'Comedy'),(1523,'Crime'),(1523,'Drama'),(1524,'Animation'),(1524,'Comedy'),(1527,'Drama'),(1527,'Family'),(1527,'Sci'),(1528,'Comedy'),(1531,'Drama'),(1531,'Fantasy'),(1531,'Horror'),(1536,'Crime'),(1536,'Drama'),(1536,'Thriller'),(1537,'Reality'),(1538,'Family'),(1538,'Game'),(1539,'Action'),(1539,'Adventure'),(1539,'Crime'),(1540,'Crime'),(1540,'Drama'),(1544,'Comedy'),(1544,'Drama'),(1546,'Comedy'),(1546,'Family'),(1547,'Action'),(1547,'Adventure'),(1547,'Comedy'),(1548,'Animation'),(1548,'Family'),(1548,'Fantasy'),(1550,'Comedy'),(1550,'Talk'),(1555,'Action'),(1555,'Reality'),(1556,'Action'),(1556,'Drama'),(1556,'Thriller'),(1558,'Comedy'),(1558,'Drama'),(1560,'Drama'),(1560,'Fantasy'),(1560,'Horror'),(1561,'Action'),(1561,'Adventure'),(1561,'Animation'),(1565,'Drama'),(1565,'Horror'),(1565,'Thriller'),(1566,'Comedy'),(1567,'Animation'),(1567,'Family'),(1568,'Drama'),(1569,'Drama'),(1571,'Comedy'),(1571,'Drama'),(1571,'Family'),(1572,'Animation'),(1572,'Family'),(1573,'Reality'),(1574,'Comedy'),(1575,'Comedy'),(1575,'Drama'),(1575,'Horror'),(1581,'Drama'),(1581,'Mystery'),(1581,'Sci'),(1583,'Music'),(1588,'Action'),(1588,'Crime'),(1588,'Drama'),(1589,'Documentary'),(1592,'Drama'),(1593,'Comedy'),(1594,'Documentary'),(1594,'Family'),(1594,'Mystery'),(1595,'Adventure'),(1595,'Animation'),(1595,'Family'),(1599,'Comedy'),(1600,'Documentary'),(1602,'Comedy'),(1602,'Drama'),(1608,'Animation'),(1608,'Comedy'),(1608,'Family'),(1618,'Comedy'),(1622,'Drama'),(1622,'Family'),(1622,'Fantasy'),(1625,'Action'),(1625,'Drama'),(1625,'War'),(1626,'Drama'),(1626,'Fantasy'),(1626,'Mystery'),(1628,'Comedy'),(1628,'Drama'),(1630,'Action'),(1630,'Animation'),(1630,'Family'),(1631,'Action'),(1631,'Adventure'),(1631,'Animation'),(1634,'Action'),(1634,'Adventure'),(1634,'Animation'),(1635,'Adventure'),(1635,'Animation'),(1635,'Family'),(1639,'Comedy'),(1640,'Adventure'),(1640,'Drama'),(1644,'Action'),(1644,'Crime'),(1644,'Drama'),(1648,'Crime'),(1648,'Drama'),(1648,'Mystery'),(1649,'Comedy'),(1650,'Comedy'),(1651,'Comedy'),(1653,'Animation'),(1653,'Comedy'),(1653,'Horror'),(1655,'Action'),(1655,'War'),(1658,'Comedy'),(1664,'Action'),(1664,'Thriller'),(1667,'Comedy'),(1670,'Comedy'),(1670,'Drama'),(1676,'Drama'),(1676,'Sci'),(1677,'Comedy'),(1680,'Comedy'),(1683,'Crime'),(1683,'Drama'),(1683,'Mystery'),(1685,'Comedy'),(1685,'Crime'),(1686,'Comedy'),(1686,'Drama'),(1686,'Family'),(1692,'Crime'),(1692,'Drama'),(1692,'Mystery'),(1693,'Action'),(1693,'Crime'),(1693,'Drama'),(1695,'Drama'),(1695,'Mystery'),(1695,'Sci'),(1697,'Drama'),(1697,'Romance'),(1704,'Reality'),(1705,'Comedy'),(1705,'Drama'),(1706,'Comedy'),(1706,'Drama'),(1707,'Family'),(1707,'Reality'),(1713,'Crime'),(1713,'Mystery'),(1713,'Thriller'),(1715,'Comedy'),(1719,'Comedy'),(1719,'Family'),(1719,'Romance'),(1720,'Comedy'),(1720,'Game'),(1723,'Adventure'),(1723,'Drama'),(1723,'Western'),(1725,'Comedy'),(1729,'Action'),(1729,'Adventure'),(1729,'Animation'),(1730,'Comedy'),(1730,'Game'),(1731,'Crime'),(1731,'Drama'),(1731,'Mystery'),(1732,'Crime'),(1732,'Drama'),(1732,'Mystery'),(1733,'Comedy'),(1733,'Family'),(1733,'Fantasy'),(1735,'Action'),(1735,'Adventure'),(1735,'Animation'),(1736,'Crime'),(1736,'Drama'),(1736,'Mystery'),(1737,'Comedy'),(1737,'Drama'),(1738,'Comedy'),(1740,'Comedy'),(1746,'Comedy'),(1746,'Game'),(1748,'Action'),(1748,'Game'),(1753,'Comedy'),(1756,'Comedy'),(1756,'Family'),(1764,'Comedy'),(1764,'Drama'),(1764,'Family');
/*!40000 ALTER TABLE `genres` ENABLE KEYS */;
UNLOCK TABLES;

--
-- Table structure for table `history`
--

DROP TABLE IF EXISTS `history`;
/*!40101 SET @saved_cs_client     = @@character_set_client */;
/*!40101 SET character_set_client = utf8 */;
CREATE TABLE `history` (
  `user_id` int(11) NOT NULL AUTO_INCREMENT,
  `show_id` int(11) NOT NULL,
  `rating` int(11) NOT NULL,
  `created_at` timestamp NOT NULL DEFAULT '0000-00-00 00:00:00',
  `updated_at` timestamp NOT NULL DEFAULT CURRENT_TIMESTAMP ON UPDATE CURRENT_TIMESTAMP,
  PRIMARY KEY (`user_id`,`updated_at`)
) ENGINE=InnoDB AUTO_INCREMENT=6 DEFAULT CHARSET=latin1;
/*!40101 SET character_set_client = @saved_cs_client */;

--
-- Dumping data for table `history`
--

LOCK TABLES `history` WRITE;
/*!40000 ALTER TABLE `history` DISABLE KEYS */;
INSERT INTO `history` VALUES (1,3,5,'2012-11-13 19:14:18','2012-11-13 19:14:18'),(2,5,3,'2012-11-13 19:14:18','2012-11-13 19:15:29'),(3,3,4,'2012-11-13 19:14:18','2012-11-13 19:14:18'),(4,34,5,'2012-11-13 19:14:18','2012-11-13 19:14:18'),(5,23,1,'2012-11-13 19:14:18','2012-11-13 19:14:18');
/*!40000 ALTER TABLE `history` ENABLE KEYS */;
UNLOCK TABLES;

--
-- Table structure for table `schema_migrations`
--

DROP TABLE IF EXISTS `schema_migrations`;
/*!40101 SET @saved_cs_client     = @@character_set_client */;
/*!40101 SET character_set_client = utf8 */;
CREATE TABLE `schema_migrations` (
  `version` varchar(255) COLLATE utf8_unicode_ci NOT NULL,
  UNIQUE KEY `unique_schema_migrations` (`version`)
) ENGINE=InnoDB DEFAULT CHARSET=utf8 COLLATE=utf8_unicode_ci;
/*!40101 SET character_set_client = @saved_cs_client */;

--
-- Dumping data for table `schema_migrations`
--

LOCK TABLES `schema_migrations` WRITE;
/*!40000 ALTER TABLE `schema_migrations` DISABLE KEYS */;
INSERT INTO `schema_migrations` VALUES ('20121017230532');
/*!40000 ALTER TABLE `schema_migrations` ENABLE KEYS */;
UNLOCK TABLES;

--
-- Table structure for table `tvshow`
--

DROP TABLE IF EXISTS `tvshow`;
/*!40101 SET @saved_cs_client     = @@character_set_client */;
/*!40101 SET character_set_client = utf8 */;
CREATE TABLE `tvshow` (
  `show_id` int(11) NOT NULL AUTO_INCREMENT,
  `name` varchar(100) COLLATE utf8_unicode_ci NOT NULL,
  `year` int(11) NOT NULL,
  `seasons` int(11) NOT NULL,
  `episode_length` int(11) NOT NULL,
  PRIMARY KEY (`show_id`),
  UNIQUE KEY `name` (`name`,`year`)
) ENGINE=InnoDB AUTO_INCREMENT=1765 DEFAULT CHARSET=utf8 COLLATE=utf8_unicode_ci;
/*!40101 SET character_set_client = @saved_cs_client */;

--
-- Dumping data for table `tvshow`
--

LOCK TABLES `tvshow` WRITE;
/*!40000 ALTER TABLE `tvshow` DISABLE KEYS */;
INSERT INTO `tvshow` VALUES (1,'10 Items Or Less',2009,3,30),(2,'10 Things I Hate About You',2010,1,30),(4,'1000 Places To See Before You Die',2007,1,60),(5,'1000 Ways To Die',2012,8,30),(8,'15 Storeys High',2004,2,30),(9,'16 And Pregnant',2012,5,60),(10,'18 To Life',2011,2,23),(11,'2 Broke Girls',2012,2,22),(13,'21 Jump Street',1991,5,60),(16,'30 Rock',2012,7,21),(17,'3rd Rock From The Sun',2001,6,25),(23,'666 Park Avenue',2012,1,60),(25,'7th Heaven',2007,11,60),(26,'8 Out Of 10 Cats',2012,13,24),(29,'A Bit Of Fry And Laurie',1995,4,30),(30,'A Gifted Man',2012,1,45),(32,'A Haunting',2012,5,60),(33,'A Pup Named Scooby-Doo',1991,3,30),(34,'A South American Journey With Jonathan Dimbleby',2011,0,60),(35,'A Touch Of Frost',2010,15,105),(36,'A.N.T. Farm',2012,2,30),(40,'About A Girl',2008,1,30),(41,'Absolutely Fabulous',2012,6,30),(42,'Accidentally On Purpose',2010,1,30),(43,'According To Jim',2009,8,30),(44,' Acropolis Now',1992,5,25),(46,'Adventures Of Sinbad',1976,1,24),(48,'Aeon Flux',1995,3,30),(50,'Against The Wall',2011,1,60),(51,'Air Crash Investigation',2012,12,60),(53,'Aladdin',1995,3,30),(55,'Alcatraz',2012,1,60),(58,'Aliens In America',2008,1,30),(61,'All In The Family',1979,9,30),(65,'Allo Allo',1992,9,30),(66,'Ally Mcbeal',2002,5,45),(71,'American Chopper Senior Vs. Junior',2012,4,60),(72,'American Dad',2012,9,22),(75,'American Gothic',1996,1,60),(77,'American Hoggers',2012,2,30),(81,'American Pickers',2012,3,60),(84,'Americas Funniest Home Videos',2012,23,30),(85,'Americas Got Talent',2012,7,60),(86,'Americas Most Wanted',2012,26,60),(88,'Americas Next Top Model',2012,19,42),(89,'Amos N Andy',1955,4,30),(90,'An Idiot Abroad',2012,3,60),(94,'Angels Among Us',2011,1,60),(100,'Anthony Bourdain No Reservations',2012,9,60),(102,'Appropriate Adult',2011,1,180),(106,'Arctic Air',2013,2,60),(107,'Are We There Yet',2012,3,30),(108,'Are You Afraid Of The Dark',1996,5,30),(110,'Army Wives',2012,6,60),(111,'Around The World In 80 Plates',2012,1,30),(112,'Arrested Development',2013,4,30),(121,'Auction Hunters',2012,3,30),(124,'Australia\'s Next Top Model',2011,7,60),(125,'Avatar The Last Airbender',2008,3,30),(134,'Back To You',2008,1,30),(135,'Bad Education',2012,1,30),(136,'Bad Girls',2012,9,44),(138,'Bait Car',2012,3,30),(139,'Bakugan Battle Brawlers',2010,2,22),(141,'Bang Goes The Theory',2011,5,30),(149,'Battle Of The Planets',1978,1,30),(152,'Bayou Billionaires',2012,2,30),(153,'Baywatch',2001,11,60),(156,'Beauty And The Beast (2012)',2012,1,60),(158,'Beauty And The Geek Australia',2012,4,60),(160,'Beavis And Butt-Head',2012,8,15),(162,'Behind Mansion Walls',2012,3,50),(163,'Being Erica',2011,4,45),(168,'Ben And Kate',2012,1,22),(170,'Bent',2012,1,30),(176,'Better Off Ted',2010,2,30),(177,'Better With You',2011,1,30),(178,'Betty Whites Off Their Rockers',2012,1,30),(179,'Beverly Hills 90210',2000,10,44),(181,'Bewitched',1972,8,25),(182,'Beyond Belief  Fact Or Fiction',2002,6,60),(183,'Beyond Belief Fact Or Fiction',2002,6,60),(184,'Beyond Belief: Fact Or Fiction',2002,6,60),(188,'Big Brother (UK)',2012,13,60),(194,'Big Love',2011,5,60),(197,'Big Shots',2008,1,60),(207,'Birds Of Prey',2003,1,60),(208,'Black Books',2004,3,30),(215,'Blood Ties',2008,2,60),(216,'Blue Bloods',2012,3,43),(218,'Boardwalk Empire',2012,4,60),(219,'Bobs Burgers',2012,3,30),(220,'Body Of Proof',2013,3,60),(221,'Bonanza',1973,14,49),(225,'Bored To Death',2011,3,30),(227,'Boston Legal',2008,5,60),(228,'Boston Med',2010,1,60),(230,'Boy Meets World',2000,7,30),(234,'Breaking Amish',2012,1,60),(235,'Breaking Bad',2013,5,45),(236,'Breaking In',2012,2,30),(237,'Breaking Pointe',2013,2,60),(238,'Breakout Kings',2012,2,43),(240,'Brickleberry',2012,1,30),(241,'Bridalplasty',2010,1,60),(245,'Britains Next Top Model',2012,8,45),(246,'Britannia High',2008,1,630),(251,'Brothers And Sisters',1979,1,30),(255,'Bully Beatdown',2012,3,30),(256,'Bunheads',2012,1,44),(258,'Burn Notice',2012,6,44),(266,'Canada\'s Worst Driver',2012,8,46),(267,'Canadas Worst Handyman',2011,6,60),(269,'Candy Bar Girls',2011,0,60),(271,'Caprica',2010,1,60),(274,'Captain N The Game Master',1991,3,25),(275,'Captain Planet',1996,6,30),(276,'Car 54, Where Are You',1963,2,30),(280,'Carnivale',2005,2,60),(282,'Cashmere Mafia',2008,1,60),(285,'Celebrity Big Brother',2012,10,50),(287,'Celebrity Juice',2012,8,45),(288,'Celebrity Masterchef',2010,5,30),(290,'Centurions',1986,1,30),(292,'Chappelles Show',2006,3,30),(293,'Charlie Jade',2005,1,45),(294,'Charlies Angels (2011)',2011,1,60),(296,'Charmed',2006,8,42),(298,'Chase (2010)',2011,1,60),(299,'Cheers',1993,11,60),(300,'Chelsea Lately',2012,6,22),(303,'Childrens Hospital',2012,4,11),(304,'Chip N Dale Rescue Rangers',1990,3,30),(308,'City Homicide',2011,5,60),(311,'Clerks',2001,1,22),(335,'Coogans Run',1995,1,30),(336,'Copper',2012,1,60),(338,'Corner Gas',2009,6,30),(341,'Cougar Town',2013,4,30),(342,'Count Duckula',1993,4,22),(343,'Countdown With Keith Olbermann',2012,3,60),(346,'Covert Affairs',2012,3,60),(347,'Cow And Chicken',1999,4,30),(353,'Crooked House',2008,1,30),(354,'Crossing Jordan',2007,6,60),(355,'Crownies',2011,1,60),(357,'Crusoe',2010,1,60),(358,'CSI Crime Scene Investigation',2013,13,60),(359,'CSI Miami',2012,10,43),(360,'CSI NY',2012,9,43),(363,'Curb Your Enthusiasm',2011,8,30),(366,'Da Ali G Show',2004,2,30),(368,'Damages',2012,5,60),(371,'Daria',2001,5,30),(372,'Dark Angel',2002,2,60),(373,'Dark Blue',2010,2,60),(374,'Dark Matters',2012,2,30),(375,'Darkwing Duck',1992,3,30),(376,'Dawsons Creek',2003,6,60),(377,'DCI Banks',2012,3,45),(379,'Dead Like Me',2004,2,60),(380,'Deadliest Catch',2012,8,55),(381,'Deadliest Warrior',2011,3,42),(382,'Deadwood',2006,3,60),(383,'Death In Paradise',2011,1,60),(386,'Defying Gravity',2009,1,60),(392,'Desperate Housewives',2012,8,45),(394,'Destination Truth',2012,5,60),(395,'Detroit 1-8-7',2011,1,42),(399,'Diagnosis Murder',2002,8,60),(400,'Dilbert',2000,2,30),(405,'Dino Squad',2008,1,30),(412,'Dirty Sexy Money',2009,2,45),(414,'Dirty Soap',2011,1,60),(416,'Do Not Disturb',2008,1,30),(417,'Do Over',2003,1,30),(419,'Doctor Who (2005)',2013,7,60),(420,'Doctor Who Confidential',2011,6,15),(421,'Dog The Bounty Hunter',2012,8,30),(424,'Dollhouse',2010,2,44),(427,'Dont Trust The B In Apartment 23',2013,2,22),(431,'Downton Abbey',2012,3,65),(432,'Dr. Katz, Professional Therapist',2002,6,30),(433,'Dr. Quinn, Medicine Woman',1998,6,60),(436,'Dragon Booster',2006,3,30),(439,'Drawn Together',2008,3,22),(443,'Drop Dead Diva',2012,4,60),(444,'Duck Dynasty',2012,1,60),(445,'Duckman',1997,4,30),(446,'DuckTales',1990,3,30),(448,'Duets',2012,1,60),(450,'Durham County',2010,3,60),(455,'Early Edition',2000,4,60),(456,'Earth 2',1995,1,60),(457,'Earth Final Conflict',2002,5,60),(465,'Elementary',2012,1,60),(467,'Eli Stone',2009,2,60),(470,'Endgame',2011,1,60),(478,'Everwood',2006,4,60),(479,'Everybody Hates Chris',2009,4,20),(480,'Everybody Loves Raymond',2005,9,23),(481,'Ewoks',1986,2,30),(482,'Expedition Impossible',2011,1,60),(483,'Extras',2007,2,30),(485,'Extreme Couponing',2012,4,30),(487,'Extreme Makeover Home Edition',2012,9,60),(492,'Fact Or Faked Paranormal Files',2012,2,47),(494,'Fairly Legal',2012,2,41),(496,'Family Guy',2012,11,22),(497,'Family Matters',1998,9,30),(500,'Fantastic Four 2006',2007,1,30),(501,'Farscape',2003,4,50),(504,'Father Ted',1998,3,25),(505,'Fawlty Towers',1979,2,30),(506,'Fear Factor',2012,7,60),(508,'Felicity',2002,4,60),(510,'Fillmore',2004,2,30),(511,'Finding Bigfoot',2012,2,45),(512,'Firefly',2003,1,42),(514,'FlashForward',2010,1,60),(515,'Flashpoint',2012,5,41),(517,'Flight Of The Conchords',2009,2,25),(519,'Flipping Out',2012,6,60),(520,'Flying Wild Alaska',2012,3,60),(529,'Frasier',2004,11,60),(532,'Freddys Nightmares',1990,3,60),(533,'Free Agents (US)',2011,1,30),(534,'French Food Safari',2011,1,25),(535,'Fresh Meat',2012,2,50),(536,'Friday Night Lights',2011,5,43),(537,'Friday The 13th',1990,3,60),(539,'Friends With Benefits',2011,1,60),(540,'Fringe',2013,5,60),(541,'Frisky Dingo',2008,2,11),(545,'Futurama',2013,7,30),(548,'G.I. Joe Sigma Six',2006,2,26),(550,'Galaxy Rangers',1986,1,30),(551,'Game Of Thrones',2013,3,60),(553,'Gangland',2010,5,43),(554,'Gargoyles',1996,2,30),(556,'Garth Marenghis Darkplace',2004,1,30),(558,'Gary Unmarried',2010,2,30),(562,'GCB',2012,1,60),(567,'Get Smart',1970,5,30),(568,'Ghost Adventures',2012,7,45),(572,'Ghost Whisperer',2010,5,60),(575,'Gilligans Island',1967,3,30),(576,'Gilmore Girls',2007,7,44),(583,'Good Cop',2012,1,60),(584,'Good Dog',2012,2,26),(585,'Good Eats',2012,14,30),(589,'Goof Troop',1992,2,30),(590,'Goosebumps',1998,4,30),(594,'Gossip Girl',2012,6,42),(596,'Gravity Falls',2012,1,30),(597,'Great Expectations (2011)',2011,1,60),(600,'Green Lantern The Animated Series',2013,1,25),(601,'Green Wing',2006,3,65),(604,'Grounded For Life',2005,5,30),(607,'H2O Just Add Water',2010,3,24),(610,'Hairy Bikers',2007,3,29),(613,'Hannah Montana',2011,4,23),(614,'Happily Divorced',2012,2,30),(615,'Happy Endings',2012,3,30),(616,'Happy Town',2010,1,60),(619,'Hardcore Pawn',2012,6,26),(622,'Harrys Law',2012,2,43),(623,'Hart Of Dixie',2012,2,60),(625,'Haunted Collector',2012,2,30),(626,'Haunted Highway',2012,1,60),(628,'Haven',2012,3,60),(630,'Hawthorne',2011,3,43),(635,'Heat Seekers',2012,2,30),(636,'Heavy',0,0,60),(638,'Hellcats',2011,1,60),(639,'Hells Kitchen UK',2009,4,60),(640,'Hells Kitchen US',2012,10,42),(641,'Hercules The Legendary Journeys',1999,6,50),(642,'Here Comes Honey Boo Boo',2012,1,60),(643,'Heres Lucy',1974,6,30),(652,'Highlander The Raven',1999,1,60),(659,'Hogans Heroes',1971,6,25),(661,'Holby City',2012,15,50),(672,'Hope Springs',2009,1,60),(674,'Hot In Cleveland',2012,4,30),(676,'Hotel Hell',2012,1,60),(678,'House Of Anubis',2012,3,15),(680,'House Of Payne',2012,7,30),(682,'How I Met Your Mother',2012,8,25),(683,'How To Be A Gentleman',2012,1,30),(684,'How To Make It In America',2011,2,30),(689,'Human Target',2011,2,60),(693,'I Am Weasel',1999,5,30),(694,'I Didnt Know I Was Pregnant',2011,5,60),(695,'I Dream Of Jeannie',1970,5,30),(697,'I Hate My Teenage Daughter',2012,1,30),(698,'I Just Want My Pants Back',2012,1,30),(701,'ICarly',2012,6,30),(702,'Ice Loves Coco',2012,3,30),(703,'Ice Road Truckers',2012,6,60),(704,'Ideal',2011,7,30),(705,'Impractical Jokers',2012,2,30),(707,'In Plain Sight',2012,5,60),(708,'In The Flow With Affion Crockett',2011,1,30),(709,'In Their Footsteps',0,0,48),(710,'In Treatment',2011,3,25),(714,'Inspector Gadget',1985,2,30),(719,'Iron Chef America',2012,10,60),(723,'Its Always Sunny In Philadelphia',2012,9,30),(724,'Jack Of All Trades',2000,2,30),(726,'Jackie Chan Adventures',2005,5,30),(727,'JAG',2005,10,60),(729,'Jake 2.0',2004,1,60),(730,'Jam And Jerusalem',2009,3,60),(735,'Jersey Shore',2012,6,40),(737,'Jessie',2012,2,30),(738,'Joan Of Arcadia',2005,2,60),(742,'Journeyman',2007,1,45),(743,'Judge Judy',2012,14,30),(745,'Junior Masterchef Australia',2011,2,60),(750,'Justice League',2006,5,30),(751,'Justified',2013,4,60),(752,'K-Ville',2008,1,60),(757,'Keeping Up Appearances',1995,5,60),(761,'Kenny Vs. Spenny',2010,6,22),(765,'Killer Instinct',2006,1,60),(766,'Kim Possible',2007,4,30),(769,'King Of The Hill',2010,13,30),(771,'Kingdom Hospital',2004,1,608),(773,'Kitchen Confidential',2006,1,22),(777,'Known Universe',2011,3,60),(778,'Kourtney And Khloe Take Miami',2013,3,60),(780,'Kyle XY',2009,3,60),(781,'La Femme Nikita',2001,5,50),(782,'LA Ink',2011,4,60),(789,'Last Resort',2012,1,60),(790,'Late Show With David Letterman',2012,20,60),(804,'Leverage',2013,5,60),(805,'Lexx',2002,4,60),(806,'Lie To Me',2011,3,43),(810,'Life Unexpected',2011,2,60),(811,'Life With Derek',2009,4,30),(816,'Line Of Duty',2012,1,300),(817,'Lip Service',2012,2,60),(818,'Lipstick Jungle',2009,2,60),(820,'Little Mosque On The Prairie',2012,6,22),(823,'Living Single',1998,5,30),(824,'Lizard Lick Towing',2012,3,30),(825,'Lizzie Mcguire',2004,2,22),(828,'Lone Star',2010,1,60),(830,'Longmire',2012,1,60),(832,'Lost Girl',2013,3,60),(837,'Love Bites',2011,1,60),(840,'Love In The Wild',2012,2,60),(842,'Lucky Louie',2007,1,30),(848,'Mad About You',1999,7,22),(849,'Mad Love',2011,1,30),(850,'Mad Men',2012,6,45),(852,'Made In Jersey',2012,1,43),(853,'Magic City',2013,2,50),(855,'Major Crimes',2012,1,60),(858,'Malcolm In The Middle',2006,7,30),(859,'Mama Drama',2012,1,60),(862,'Man Vs Wild',2011,7,60),(864,'Married To Jonas',2012,1,30),(871,'Masters Of Horror',2007,2,60),(875,'Medium',2011,7,60),(876,'Meet The Browns',2012,4,30),(879,'Melrose Place (2009)',2010,1,60),(880,'Memphis Beat',2011,2,43),(881,'Men At Work',2012,2,30),(883,'Men In Trees',2008,2,45),(884,'Men Of A Certain Age',2011,2,60),(886,'Mercy',2010,1,60),(888,'Metalocalypse',2012,4,11),(889,'Miami Medical',2010,1,60),(890,'Miami Vice',1990,5,48),(891,'Midsomer Murders',2012,15,100),(896,'Million Dollar Listing',2012,5,60),(899,'Minute To Win It',0,0,60),(900,'Misfits',2012,4,60),(908,'Mobbed',2012,2,60),(909,'Mock The Week',2012,11,29),(910,'Modern Family',2012,4,30),(912,'Monk',2009,8,47),(913,'Monkey Dust',2003,3,29),(915,'Monsters Inside Me',2012,3,60),(917,'Monty Pythons Flying Circus',1974,4,30),(919,'Moonlight',2008,1,60),(920,'Moonlighting',1989,5,60),(923,'Mount Pleasant',2012,2,60),(927,'Mrs Biggs',2012,1,90),(928,'Mrs Browns Boys',2012,2,26),(930,'Muppet Babies',1991,8,60),(933,' Murphys Law',2007,5,60),(934,'Mutant X',2004,3,60),(938,'My Boys',2010,4,30),(946,'My Name Is Earl',2009,4,30),(947,'My Own Worst Enemy',2008,1,60),(949,'My Strange Addiction',2012,3,30),(950,'My Wife And Kids',2005,5,30),(951,'Mythbusters',2012,13,44),(956,'National Treasures Live',2011,1,30),(961,'NCIS Los Angeles',2012,4,43),(962,'Necessary Roughness',2012,2,60),(964,'Neighbors From Hell',2010,1,30),(965,'Never Mind The Buzzcocks',2012,26,30),(966,'New Amsterdam',2008,1,60),(967,'New Girl',2012,2,30),(968,'New Tricks',2012,9,60),(969,'NewsRadio',1999,5,23),(970,'Nick Swardsons Pretend Time',2011,2,30),(974,'No Ordinary Family',2011,1,60),(976,'Northern Exposure',1995,6,60),(979,'Numb3rs',2010,6,43),(980,'Nurse Jackie',2013,5,27),(983,'NYC 22',2012,1,60),(984,'NYPD Blue',2005,12,60),(985,'Obsessed',2010,2,60),(986,'Ocean Girl',1997,4,25),(987,'October Road',2008,2,43),(989,'Off Centre',2002,2,30),(990,'Off The Map',2011,1,42),(991,'Offspring',2012,3,60),(994,'One Car Too Far',2012,1,60),(995,'One Man Army',2011,3,42),(997,'One Tree Hill',2012,9,60),(998,'Only Fools And Horses',2003,9,30),(1002,'Out Of Practice',2006,1,30),(1003,'Outcasts',2011,1,60),(1005,'Outnumbered',2011,5,30),(1006,'Outrageous Fortune',2010,6,60),(1007,'Outsourced',2011,1,30),(1008,'Over There',2005,1,60),(1010,'Packed To The Rafters',2013,5,60),(1011,'Painkiller Jane',2007,1,44),(1016,'Paranormal Challenge',2011,1,60),(1017,' Paranormal State',2011,6,30),(1019,'Parenthood',2012,4,60),(1021,'Parking Wars',2012,6,30),(1022,'Parks And Recreation',2012,5,21),(1024,'Past Life',2010,1,60),(1025,'Pawn Queens',2011,1,30),(1026,'Pawn Stars',2012,6,30),(1027,'Peep Show',2013,9,24),(1032,'Perfect Couples',2011,1,30),(1033,'Person Of Interest',2012,2,43),(1034,'Persons Unknown',2010,1,43),(1036,'Phineas And Ferb',2013,3,30),(1037,'Phoenix Nights',2002,2,25),(1039,'Picked Off',2012,1,60),(1042,'Pimp My Ride',2009,6,30),(1044,'Planet Dinosaur',2011,1,180),(1045,'Plastic Man',0,0,15),(1048,'Point Pleasant',2006,1,60),(1050,'Police Women Of Broward County',2011,2,60),(1058,'Pretty Little Liars',2013,3,60),(1059,'Prime Suspect (US)',2012,1,60),(1064,'Private Practice',2012,6,60),(1065,'Privileged',2009,1,45),(1068,'Project Runway All Stars',2012,2,60),(1072,'Property Brothers',2012,3,60),(1074,'Psych',2013,7,41),(1076,'Puberty Blues',2012,1,45),(1079,'Pushing Daisies',2009,2,43),(1081,'QI',2012,10,30),(1082,'Quack Pack',1997,1,30),(1085,'Raising Hope',2012,3,22),(1087,'Rake',2012,2,60),(1092,'Real Time With Bill Maher',2012,10,60),(1094,'Reaper',2009,2,45),(1095,'Reba',2007,6,30),(1096,'Reboot',2001,4,30),(1098,'Red Vs. Blue',2008,5,6),(1100,'Reed Between The Lines',2011,1,30),(1101,'Regenesis',2008,4,60),(1103,'Relic Hunter',2002,3,60),(1105,'Renegade',1997,5,45),(1106,'Reno 911',2009,6,22),(1107,'Republic Of Doyle',2013,4,60),(1109,'Rescue Me',2011,7,60),(1110,'Restaurant Impossible',2012,5,60),(1112,'Retired At 35',2012,2,30),(1117,'Rick Mercer Report',2012,10,30),(1118,'Ridiculousness',2012,2,30),(1119,'Ringer',2012,1,44),(1123,'Road To Avonlea',1996,7,60),(1127,'Robot Chicken',2013,6,11),(1128,'Rock Center With Brian Williams',2012,1,60),(1132,'Rookie Blue',2013,4,60),(1133,'Roseanne',1997,9,22),(1134,'Roseannes Nuts',2011,1,30),(1139,'Royal Pains',2012,4,42),(1140,'Rubicon',2010,1,45),(1143,'Rude Tube',0,0,60),(1144,'Rugrats',2006,10,30),(1145,'Rules Of Engagement',2013,7,30),(1146,'Running Wilde',2011,1,30),(1150,'Russian Dolls',2007,2,50),(1152,'Sabrina The Teenage Witch',2003,7,22),(1154,'Samantha Who',2009,2,22),(1160,'Saturday Night Live',2012,38,90),(1164,'Saxondale',2007,2,30),(1165,'Say Yes To The Dress',2011,3,30),(1170,'Scooby-Doo, Where Are You!',1978,3,30),(1174,'Scrubs',2010,9,24),(1176,'Sealab 2021',2005,5,11),(1177,'Seconds From Disaster',2012,6,60),(1178,'Secret Diary Of A Call Girl',2011,4,30),(1179,'Secret Millionaire',2012,3,60),(1181,'See Dad Run',2012,1,23),(1184,'Sex And The City',2004,6,30),(1185,'Shake It Up',2012,3,30),(1189,'Shark Tank',2012,4,60),(1191,'She-Ra Princess Of Power',1987,3,30),(1194,'Shipping Wars',2012,2,30),(1197,'Silent Witness',2013,16,60),(1198,'Silver Surfer',1998,2,22),(1199,'Silverhawks',1986,1,23),(1207,'Six Feet Under',2005,5,55),(1210,'Skins (US)',2011,1,42),(1212,'Slide',2011,1,60),(1213,'Sliders',2000,5,60),(1216,'Smallville',2011,10,60),(1217,'Smart Guy',1999,3,30),(1219,'Smurfs',1989,9,30),(1223,'So Weird',2001,3,30),(1225,'So You Think You Can Dance Canada',2011,4,60),(1227,'Sonic Underground',2000,1,30),(1228,'Sons Of Anarchy',2012,5,45),(1229,'Sons Of Guns',2012,5,60),(1230,'Sons Of Tucson',2010,1,30),(1234,'Southland',2013,5,42),(1238,'Spartacus Blood And Sand',2013,3,60),(1241,'Spawn',1999,3,30),(1246,'Spin City',2002,6,30),(1248,'SpongeBob SquarePants',2012,10,30),(1251,'Stacked',2006,2,30),(1253,'Star Trek Deep Space Nine',1999,7,45),(1254,'Star Trek Enterprise',2005,4,60),(1255,'Star Trek The Next Generation',1994,7,45),(1256,'Star Trek Voyager',2001,7,45),(1257,'Star Wars The Clone Wars',2012,5,22),(1258,'Stargate Atlantis',2009,5,45),(1259,'Stargate SG-1',2007,10,42),(1260,'Stargate Universe',2011,2,43),(1262,'State Of Georgia',2011,1,23),(1264,'Static Shock',2004,4,30),(1265,'Steven Seagal Lawman',2010,2,30),(1266,'Still Game',2007,6,30),(1274,'Strangers With Candy',2000,3,22),(1276,'Strike Back',2012,3,45),(1277,'Stuck With Hackett',2011,1,22),(1283,'Suits',2012,2,60),(1285,'Summerland',2005,2,60),(1286,'Supercar',1962,2,30),(1289,'Superman The Animated Series',2000,3,30),(1293,'Surface',2006,1,60),(1295,'Surviving Suburbia',2009,1,30),(1299,'Svetlana',2011,2,22),(1307,'Switched At Birth',2013,2,60),(1312,'Take The Money And Run',2011,1,60),(1313,'Tales From The Crypt',1996,7,25),(1315,'TaleSpin',1991,1,30),(1321,'Teen Mom 2',2012,2,60),(1322,'Teen Titans',2006,5,30),(1327,'Terminator The Sarah Connor Chronicles',2009,2,60),(1328,'Terra Nova',2011,1,46),(1330,'Testees',2008,1,30),(1333,'That 70s Show',2006,8,45),(1334,'Thats So Raven',2007,4,30),(1335,'The 4400',2007,4,43),(1337,'The A-Team',1987,5,60),(1340,'The Adventures Of Sinbad',1976,1,24),(1342,'The Alfred Hitchcock Hour',1965,3,50),(1345,'The Animals Of Farthing Wood',1995,3,25),(1347,'The Apprentice UK',2012,8,59),(1349,'The Bachelor',2013,17,60),(1351,'The Bachelorette',2012,8,60),(1352,'The Bad Girls Club',2012,9,44),(1354,'The Bernie Mac Show',2006,5,30),(1357,'The Big Bang Theory',2012,6,21),(1358,'The Big C',2013,4,30),(1364,'The Boondocks',2010,4,20),(1366,'The Bots Master',0,1,23),(1367,'The Brady Bunch',1974,5,30),(1368,'The Burn With Jeff Ross',2012,1,30),(1373,' The Chasers War On Everything',2009,3,26),(1374,'The Chicago Code',2011,1,44),(1376,'The City (2008)',2010,2,30),(1378,'The Cleveland Show',2012,4,22),(1381,'The Colbert Report',2012,9,30),(1385,'The Daily Show With Jon Stewart',2012,18,30),(1386,'The Dead Files',2012,2,60),(1387,'The Dead Zone',2007,6,60),(1389,'The Defenders',2011,1,60),(1391,'The Dr Phil Show',2012,10,60),(1393,'The Drew Carey Show',2004,9,30),(1395,'The Dukes Of Hazzard',1985,7,60),(1396,'The Ellen DeGeneres Show',2012,10,60),(1398,'The Event',2011,1,43),(1399,'The Ex List',2011,13,60),(1400,'The Exes',2012,2,30),(1401,'The Facts Of Life',1988,9,30),(1402,'The Fades',2011,1,55),(1406,'The Fast Show',2000,3,30),(1407,'The Finder',2012,1,44),(1408,'The Firm',2012,1,60),(1409,'The First 48',2012,13,60),(1410,'The Flintstones',1966,6,30),(1413,'The Fresh Prince Of Bel-Air',1996,6,24),(1416,'The Gates',2010,1,60),(1418,'The Glades',2012,3,60),(1422,'The Golden Girls',1992,7,30),(1424,'The Good Life',1978,4,28),(1425,'The Good Wife',2012,4,60),(1427,'The Graham Norton Show',2012,12,60),(1431,'The Greatest American Hero',1986,3,60),(1432,'The Green Room With Paul Provenza',2011,2,30),(1434,'The Gummi Bears',1991,6,30),(1450,'The King Of Queens',2007,9,22),(1451,'The Knights Of Prosperity',2007,1,30),(1453,'The L.A. Complex',2012,2,60),(1454,'The Larry Sanders Show',1998,6,30),(1458,'The Legend Of Zelda',1989,1,30),(1459,'The Librarians',2010,3,30),(1461,'The Listener',2013,4,42),(1462,'The Little Couple',2012,5,30),(1466,'The Magic School Bus',1997,4,30),(1469,'The Mentalist',2012,5,43),(1471,'The Middleman',2008,1,43),(1472,'The Mighty Boosh',2007,3,27),(1474,'The Mindy Project',2012,1,30),(1475,'The Mob Doctor',2012,1,60),(1479,'The New Adventures Of Old Christine',2010,5,22),(1480,'The New Normal',2012,1,30),(1482,'The Newsroom (2012)',2013,2,60),(1484,'The Next Food Network Star',2012,8,60),(1487,'The O.C.',2007,4,44),(1489,'The Office UK',2003,3,29),(1490,'The Onion News Network',2011,2,22),(1492,'The Originals With Emeril',2011,1,30),(1495,'The Philanthropist',2009,1,60),(1498,'The Pirates Of Dark Water',1993,3,30),(1499,'The Pitch',2012,1,60),(1500,'The PJs',2008,3,30),(1501,'The Playboy Club',2011,1,60),(1502,'The Practice',2004,8,60),(1503,'The Pretender',2000,4,60),(1504,'The Protector',2011,1,60),(1505,'The Queens Palaces',2011,1,171),(1506,'The Raccoons',1991,5,25),(1512,'The Real Housewives Of DC',2010,1,60),(1523,'The Riches',2008,2,45),(1524,'The Ricky Gervais Show',2012,3,30),(1527,'The Sarah Jane Adventures',2011,5,60),(1528,'The Sarah Silverman Program',2010,3,22),(1531,'The Secret Circle',2012,1,45),(1536,'The Shield',2008,7,60),(1537,'The Simple Life',2007,5,22),(1538,'The Sing Off',2011,3,120),(1539,'The Six Million Dollar Man',1978,5,60),(1540,'The Sopranos',2007,6,58),(1544,'The Starter Wife',2008,1,60),(1546,'The Suite Life Of Zack And Cody',2008,3,30),(1547,'The Suite Life On Deck',2011,4,30),(1548,'The Super Mario Bros. Super Show!',1989,1,30),(1550,'The Tonight Show With Conan OBrien',2010,1,62),(1555,'The Ultimate Fighter',2012,16,60),(1556,'The Unit',2009,4,60),(1558,'The Unusuals',2009,1,60),(1560,'The Vampire Diaries',2012,4,43),(1561,'The Venture Bros',2012,4,22),(1565,'The Walking Dead',2013,3,45),(1566,'The War At Home',2007,2,30),(1567,'The Weekenders',2004,4,15),(1568,'The West Wing',2006,7,42),(1569,'The Whole Truth',2011,1,60),(1571,'The Wonder Years',1993,6,30),(1572,'The Woody Woodpecker Show',2009,0,30),(1573,'The World According To Paris',2011,1,60),(1574,'The Worst Week Of My Life',2006,3,29),(1575,'The Worst Witch',2001,3,30),(1581,'The X-Files',2002,9,45),(1583,'The Xtra Factor',2012,9,60),(1588,'Third Watch',2005,6,44),(1589,'This American Life',2009,2,22),(1592,'Three Rivers',2010,1,60),(1593,'Threesome',2012,2,30),(1594,'Through The Wormhole',2012,3,60),(1595,'Thundarr The Barbarian',2004,2,30),(1599,'Til Death',2010,4,30),(1600,'Time Warp',2010,2,22),(1602,'Titus',2002,3,23),(1608,'Top Cat',2000,1,30),(1618,'TOSH.0',2012,5,30),(1622,'Touched By An Angel',2003,9,60),(1625,'Tour Of Duty',1990,3,45),(1626,'Tower Prep',2010,1,60),(1628,'Trailer Park Boys',2007,7,30),(1630,'Transformers Animated',2009,3,20),(1631,'Transformers Armada',2003,1,30),(1634,'Transformers Prime',2012,2,30),(1635,'Transformers Robots In Disguise',2002,1,22),(1639,'Trollied',2012,2,26),(1640,'Tru Calling',2005,2,60),(1644,'True Justice',2012,2,60),(1648,'Twin Peaks',1991,2,47),(1649,'Two And A Half Men',2012,10,22),(1650,'Two Of A Kind',1999,1,30),(1651,'Two Pints Of Lager And A Packet Of Crisps',2011,9,26),(1653,'Ugly Americans',2012,2,30),(1655,'Ultimate Force',2006,4,49),(1658,'Undeclared',2003,1,30),(1664,'Undercovers',2011,1,60),(1667,'Unhitched',2008,1,30),(1670,'United States Of Tara',2011,3,30),(1676,'V (2009)',2011,2,42),(1677,'Valentine',2009,1,60),(1680,'Veep',2013,2,28),(1683,'Veronica Mars',2007,3,60),(1685,'Vexed',2012,2,60),(1686,'Victorious',2012,4,30),(1692,'Waking The Dead',2011,9,100),(1693,'Walker Texas Ranger',2005,9,43),(1695,'Warehouse 13',2013,4,60),(1697,'Waterloo Road',2013,8,60),(1704,'Whale Wars Viking Shores',2012,1,30),(1705,'What About Brian',2007,2,60),(1706,'What I Like About You',2006,4,30),(1707,'What Not To Wear',2013,10,60),(1713,'Whitechapel',2012,3,180),(1715,'Whitney',2012,2,30),(1719,'Whos The Boss',1992,8,30),(1720,'Whose Line Is It Anyway',2006,8,30),(1723,'Wild Boys',2011,1,60),(1725,'Wilfred (US)',2012,2,30),(1729,'Winx Club',2007,4,30),(1730,'Wipeout (US)',2012,7,42),(1731,'Wire In The Blood',2008,6,50),(1732,'Without A Trace',2009,7,60),(1733,'Wizards Of Waverly Place',2012,4,22),(1735,'Wolverine And The X-Men',2009,1,22),(1736,'Womens Murder Club',2008,1,60),(1737,'Wonderfalls',2004,1,60),(1738,'Workaholics',2013,3,30),(1740,'World Shut Your Mouth',0,0,29),(1746,'Would I Lie To You',2012,6,30),(1748,'WWE Tough Enough',2004,4,30),(1753,'Yes, Dear',2006,6,30),(1756,'Young Dracula',2012,4,25),(1764,'Zoey 101',2008,4,30);
/*!40000 ALTER TABLE `tvshow` ENABLE KEYS */;
UNLOCK TABLES;

--
-- Table structure for table `tvshow_complete`
--

DROP TABLE IF EXISTS `tvshow_complete`;
/*!40101 SET @saved_cs_client     = @@character_set_client */;
/*!40101 SET character_set_client = utf8 */;
CREATE TABLE `tvshow_complete` (
  `show_id` int(11) NOT NULL AUTO_INCREMENT,
  `name` varchar(100) COLLATE utf8_unicode_ci NOT NULL,
  `year` int(11) NOT NULL,
  `genre` varchar(100) COLLATE utf8_unicode_ci NOT NULL,
  `seasons` int(11) NOT NULL,
  `network` varchar(100) COLLATE utf8_unicode_ci NOT NULL,
  `episode_length` int(11) NOT NULL,
  PRIMARY KEY (`show_id`),
  UNIQUE KEY `name` (`name`,`year`)
) ENGINE=InnoDB AUTO_INCREMENT=1767 DEFAULT CHARSET=utf8 COLLATE=utf8_unicode_ci;
/*!40101 SET character_set_client = @saved_cs_client */;

--
-- Dumping data for table `tvshow_complete`
--

LOCK TABLES `tvshow_complete` WRITE;
/*!40000 ALTER TABLE `tvshow_complete` DISABLE KEYS */;
INSERT INTO `tvshow_complete` VALUES (1,'10 Items Or Less',2009,'Comedy',3,'',30),(2,'10 Things I Hate About You',2010,'Comedy',1,'',30),(3,'100 Questions',0,'',0,'',0),(4,'1000 Places To See Before You Die',2007,'Documentary',1,'',60),(5,'1000 Ways To Die',2012,'Drama Horror Mystery',8,'',30),(6,'101 Ways To Leave A Gameshow',0,'',0,'',0),(7,'13 Fear Is Real',2009,'TV',1,'',0),(8,'15 Storeys High',2004,'Comedy',2,'',30),(9,'16 And Pregnant',2012,'Reality',5,'',60),(10,'18 To Life',2011,'Comedy',2,'',23),(11,'2 Broke Girls',2012,'Comedy',2,'',22),(12,'20|20',0,'',0,'',0),(13,'21 Jump Street',1991,'Crime Drama Mystery',5,'',60),(14,'24',0,'',0,'',0),(15,'2point4 Children',0,'',0,'',0),(16,'30 Rock',2012,'Comedy',7,'',21),(17,'3rd Rock From The Sun',2001,'Comedy Sci',6,'',25),(18,'48 Hours',0,'',0,'',0),(19,'4th And Forever',0,'',0,'',0),(20,'50 Documentaries To See Before You Die',0,'',0,'',0),(21,'5th Gear',0,'',0,'',0),(22,'60 Minutes (US)',0,'',0,'',0),(23,'666 Park Avenue',2012,'Drama Horror Sci',1,'',60),(24,'71 Degrees North',0,'',0,'',0),(25,'7th Heaven',2007,'Drama Family',11,'',60),(26,'8 Out Of 10 Cats',2012,'Comedy Game',13,'',24),(27,'8 Simple Rules For Dating My Teenage Daughter',0,'',0,'',0),(28,'90210',0,'',0,'',0),(29,'A Bit Of Fry And Laurie',1995,'Comedy',4,'',30),(30,'A Gifted Man',2012,'Drama',1,'',45),(31,'A Hard Days Night',0,'',0,'',0),(32,'A Haunting',2012,'Horror Thriller',5,'',60),(33,'A Pup Named Scooby-Doo',1991,'Animation Adventure Comedy',3,'',30),(34,'A South American Journey With Jonathan Dimbleby',2011,'Documentary',0,'',60),(35,'A Touch Of Frost',2010,'Crime Drama Mystery',15,'',105),(36,'A.N.T. Farm',2012,'Action Comedy Family',2,'',30),(37,'A.T.O.M. (Alpha Teens On Machines)',0,'',0,'',0),(38,'Abby And Brittany',0,'',0,'',0),(39,'Abby\'s Ultimate Dance Competition',0,'',0,'',0),(40,'About A Girl',2008,'Comedy',1,'',30),(41,'Absolutely Fabulous',2012,'Comedy',6,'',30),(42,'Accidentally On Purpose',2010,'Comedy Romance',1,'',30),(43,'According To Jim',2009,'Comedy',8,'',30),(44,' Acropolis Now',1992,'Comedy',5,'',25),(45,'Adventure Time With Finn And Jake',0,'',0,'',0),(46,'Adventures Of Sinbad',1976,'Animation Fantasy',1,'',24),(47,'Adventures Of Sonic The Hedgehog',0,'',0,'',0),(48,'Aeon Flux',1995,'Adventure Animation Sci',3,'',30),(49,'After Lately',0,'',0,'',0),(50,'Against The Wall',2011,'Drama',1,'',60),(51,'Air Crash Investigation',2012,'Documentary Action Drama',12,'',60),(52,'Airport 24 7 Miami',0,'',0,'',0),(53,'Aladdin',1995,'Animation Comedy Family',3,'',30),(54,'Alaska The Last Frontier',2012,'TV',1,'',0),(55,'Alcatraz',2012,'Action Crime Drama',1,'',60),(56,'ALF',0,'',0,'',0),(57,'Alias',0,'',0,'',0),(58,'Aliens In America',2008,'Comedy',1,'',30),(59,'All About Aubrey',0,'',0,'',0),(60,'All American Handyman',2012,'TV',3,'',0),(61,'All In The Family',1979,'Comedy Drama',9,'',30),(62,'All Star Dealers',0,'',0,'',0),(63,'All Worked Up',0,'',0,'',0),(64,'Allen Gregory',0,'',0,'',0),(65,'Allo Allo',1992,'Comedy War',9,'',30),(66,'Ally Mcbeal',2002,'Comedy Drama Fantasy',5,'',45),(67,'Alphas',2012,'Action Drama Sci',2,'',0),(68,'Amazing Eats',0,'',0,'',0),(69,'American Bounty Hunter',0,'',0,'',0),(70,'American Chopper',0,'',0,'',0),(71,'American Chopper Senior Vs. Junior',2012,'Reality',4,'',60),(72,'American Dad',2012,'Animation Comedy',9,'',22),(73,'American Dreams',0,'',0,'',0),(74,'American Gangs',0,'',0,'',0),(75,'American Gothic',1996,'Drama Horror Thriller',1,'',60),(76,'American Guns',0,'',0,'',0),(77,'American Hoggers',2012,'Reality',2,'',30),(78,'American Horror Story',2013,'  min',2,'',0),(79,'American Idol',2013,'Game',12,'',0),(80,'American Ninja Warrior',0,'',0,'',0),(81,'American Pickers',2012,'Reality',3,'',60),(82,'American Restoration',2012,'TV',4,'',0),(83,'American Underworld',0,'',0,'',0),(84,'Americas Funniest Home Videos',2012,'Comedy Family Reality',23,'',30),(85,'Americas Got Talent',2012,'Game',7,'',60),(86,'Americas Most Wanted',2012,'Crime Drama',26,'',60),(87,'Americas Next Great Restaurant',2011,'TV',1,'',0),(88,'Americas Next Top Model',2012,'Reality',19,'',42),(89,'Amos N Andy',1955,'Comedy',4,'',30),(90,'An Idiot Abroad',2012,'Documentary Comedy',3,'',60),(91,'Ancient Aliens',0,'',0,'',0),(92,'Andromeda',0,'',0,'',0),(93,'Angel',0,'',0,'',0),(94,'Angels Among Us',2011,'Drama',1,'',60),(95,'Angels In America',2003,'  min',1,'',0),(96,'Anger Management',0,'',0,'',0),(97,'Animal Planets',0,'',0,'',0),(98,'Animal Practice',0,'',0,'',0),(99,'Animorphs',0,'',0,'',0),(100,'Anthony Bourdain No Reservations',2012,'Documentary',9,'',60),(101,'Antiques Roadshow',0,'',0,'',0),(102,'Appropriate Adult',2011,'Drama',1,'',180),(103,'Aqua Teen Hunger Force',0,'',0,'',0),(104,'Arabian Knights',0,'',0,'',0),(105,'Archer',0,'',0,'',0),(106,'Arctic Air',2013,'Drama',2,'',60),(107,'Are We There Yet',2012,'Comedy',3,'',30),(108,'Are You Afraid Of The Dark',1996,'Family Horror Mystery',5,'',30),(109,'Are You There, Chelsea',0,'',0,'',0),(110,'Army Wives',2012,'Drama',6,'',60),(111,'Around The World In 80 Plates',2012,'Reality',1,'',30),(112,'Arrested Development',2013,'Comedy Drama',4,'',30),(113,'Arrow',0,'',0,'',0),(114,'Arthur',0,'',0,'',0),(115,'As Time Goes By',0,'',0,'',0),(116,'Ashes To Ashes',0,'',0,'',0),(117,'Ask Rhod Gilbert',0,'',0,'',0),(118,'Astro Boy',0,'',0,'',0),(119,'At Home With Julia',0,'',0,'',0),(120,'Attack Of The Show',0,'',0,'',0),(121,'Auction Hunters',2012,'Reality',3,'',30),(122,'Auction Kings',0,'',0,'',0),(123,'Audrina',0,'',0,'',0),(124,'Australia\'s Next Top Model',2011,'Reality',7,'',60),(125,'Avatar The Last Airbender',2008,'Animation Action Adventure',3,'',30),(126,'Avengers United They Stand',0,'',0,'',0),(127,'Awake',0,'',0,'',0),(128,'Awkward',0,'',0,'',0),(129,'Ax Men',2012,'TV',5,'',0),(130,'Babar',0,'',0,'',0),(131,'Baby Daddy',0,'',0,'',0),(132,'Babylon 5 Crusade',0,'',0,'',0),(133,'Bachelor Pad',2012,'TV',3,'',0),(134,'Back To You',2008,'Comedy',1,'',30),(135,'Bad Education',2012,'Comedy',1,'',30),(136,'Bad Girls',2012,'Reality',9,'',44),(137,'Bag Of Bones',2011,'  min',1,'',0),(138,'Bait Car',2012,'Reality',3,'',30),(139,'Bakugan Battle Brawlers',2010,'Animation Adventure Family',2,'',22),(140,'Band Of Brothers',2001,'  min',1,'',0),(141,'Bang Goes The Theory',2011,'Documentary Family',5,'',30),(142,'Bar Rescue',2012,'TV',2,'',0),(143,'Barter Kings',0,'',0,'',0),(144,'Baseball Wives',0,'',0,'',0),(145,'Basketball Wives',2012,'TV',4,'',0),(146,'Basketball Wives LA',0,'',0,'',0),(147,'Bath Crashers',2012,'TV',6,'',0),(148,'Batman The Brave And The Bold (2008)',0,'',0,'',0),(149,'Battle Of The Planets',1978,'Animation Action Adventure',1,'',30),(150,'Battlestar Galactica',0,'',0,'',0),(151,'Battlestar Galactica (1978)',0,'',0,'',0),(152,'Bayou Billionaires',2012,'Documentary',2,'',30),(153,'Baywatch',2001,'Drama Action Adventure',11,'',60),(154,'Bear Swamp Recovery',0,'',0,'',0),(155,'Beast Wars Transformers',0,'',0,'',0),(156,'Beauty And The Beast (2012)',2012,'Crime Drama',1,'',60),(157,'Beauty And The Geek',0,'',0,'',0),(158,'Beauty And The Geek Australia',2012,'Reality',4,'',60),(159,'Beaver Falls',0,'',0,'',0),(160,'Beavis And Butt-Head',2012,'Animation Comedy Music',8,'',15),(161,'Bedlam',0,'',0,'',0),(162,'Behind Mansion Walls',2012,'Crime',3,'',50),(163,'Being Erica',2011,'Comedy Drama Fantasy',4,'',45),(164,'Being Human',0,'',0,'',0),(165,'Being Human (US)',2013,'Fantasy Horror',3,'',0),(166,'Ben 10',0,'',0,'',0),(167,'Ben 10 Alien Force',2010,'Animation Action Family',3,'',0),(168,'Ben And Kate',2012,'Comedy',1,'',22),(169,'Benidorm',0,'',0,'',0),(170,'Bent',2012,'Comedy',1,'',30),(171,'Bering Sea Gold',2012,'TV',1,'',0),(172,'Bering Sea Gold Under The Ice',0,'',0,'',0),(173,'Best Friends Forever',0,'',0,'',0),(174,'Bethenny Ever After',2012,'TV',3,'',0),(175,'Bette',1971,' min',1,'',0),(176,'Better Off Ted',2010,'Comedy',2,'',30),(177,'Better With You',2011,'Comedy',1,'',30),(178,'Betty Whites Off Their Rockers',2012,'Reality',1,'',30),(179,'Beverly Hills 90210',2000,'Drama Romance',10,'',44),(180,'Beverly Hills Nannies',2012,'TV',1,'',0),(181,'Bewitched',1972,'Comedy Family Fantasy',8,'',25),(182,'Beyond Belief  Fact Or Fiction',2002,'Mystery Thriller Fantasy',6,'',60),(183,'Beyond Belief Fact Or Fiction',2002,'Mystery Thriller Fantasy',6,'',60),(184,'Beyond Belief: Fact Or Fiction',2002,'Mystery Thriller Fantasy',6,'',60),(185,'Beyond Scared Straight',0,'',0,'',0),(186,'Big Ang',0,'',0,'',0),(187,'Big Bad Beetleborgs',0,'',0,'',0),(188,'Big Brother (UK)',2012,'Game',13,'',60),(189,'Big Brother (US)',0,'',0,'',0),(190,'Big Brothers Bit On The Side',0,'',0,'',0),(191,'Big Day',0,'',0,'',0),(192,'Big Easy Brides',0,'',0,'',0),(193,'Big Fat Gypsy Weddings',0,'',0,'',0),(194,'Big Love',2011,'Drama',5,'',60),(195,'Big Rich Texas',2012,'TV',3,'',0),(196,'Big Sexy',0,'',0,'',0),(197,'Big Shots',2008,'Drama',1,'',60),(198,'Big Time Rush',0,'',0,'',0),(199,'Big Wolf On Campus',0,'',0,'',0),(200,'Bikie Wars Brothers In Arm',0,'',0,'',0),(201,'Bill Bailey',0,'',0,'',0),(202,'Bill Nye The Science Guy',0,'',0,'',0),(203,'Billy Connollys Route 66',0,'',0,'',0),(204,'Billy The Exterminator',0,'',0,'',0),(205,'Bionic Six',0,'',0,'',0),(206,'Bionic Woman',0,'',0,'',0),(207,'Birds Of Prey',2003,'Action Adventure Drama',1,'',60),(208,'Black Books',2004,'Comedy',3,'',30),(209,'Black Dynamite',0,'',0,'',0),(210,'Black Gold',0,'',0,'',0),(211,'Blackout',2006,' min',1,'',0),(212,'Blackstar',0,'',0,'',0),(213,'Blade',0,'',0,'',0),(214,'Blade (2011)',0,'',0,'',0),(215,'Blood Ties',2008,'Drama Fantasy Horror',2,'',60),(216,'Blue Bloods',2012,'Crime Drama',3,'',43),(217,'Blue Mountain State',0,'',0,'',0),(218,'Boardwalk Empire',2012,'Crime Drama',4,'',60),(219,'Bobs Burgers',2012,'Animation Comedy',3,'',30),(220,'Body Of Proof',2013,'Crime Drama',3,'',60),(221,'Bonanza',1973,'Action Comedy Drama',14,'',49),(222,'Bonekickers (UK)',0,'',0,'',0),(223,'Bones',0,'',0,'',0),(224,'Border Wars',0,'',0,'',0),(225,'Bored To Death',2011,'Comedy Crime Mystery',3,'',30),(226,'Boss',0,'',0,'',0),(227,'Boston Legal',2008,'Comedy Crime Drama',5,'',60),(228,'Boston Med',2010,'Documentary Reality',1,'',60),(229,'Bottom',0,'',0,'',0),(230,'Boy Meets World',2000,'Comedy Drama Family',7,'',30),(231,'Brand X With Russell Brand',0,'',0,'',0),(232,'Braxton Family Values',0,'',0,'',0),(233,' Breaker High',0,'',0,'',0),(234,'Breaking Amish',2012,'Documentary Reality',1,'',60),(235,'Breaking Bad',2013,'Crime Drama Thriller',5,'',45),(236,'Breaking In',2012,'Action Comedy',2,'',30),(237,'Breaking Pointe',2013,'Reality',2,'',60),(238,'Breakout Kings',2012,'Crime Drama Thriller',2,'',43),(239,'Brian Jacques Redwall',0,'',0,'',0),(240,'Brickleberry',2012,'Animation Comedy',1,'',30),(241,'Bridalplasty',2010,'Reality',1,'',60),(242,'Bridezillas',0,'',0,'',0),(243,'Brimstone',0,'',0,'',0),(244,'Britains Got Talent',2012,'TV',6,'',0),(245,'Britains Next Top Model',2012,'Reality',8,'',45),(246,'Britannia High',2008,'Drama',1,'',630),(247,'Brooklyn 11223',0,'',0,'',0),(248,'Brotherhood',0,'',0,'',0),(249,'Brotherly Love',0,'',0,'',0),(250,'Brothers',0,'',0,'',0),(251,'Brothers And Sisters',1979,'Comedy',1,'',30),(252,'Buffy The Vampire Slayer',0,'',0,'',0),(253,'Bug Juice',0,'',0,'',0),(254,'Build It Bigger',0,'',0,'',0),(255,'Bully Beatdown',2012,'Reality',3,'',30),(256,'Bunheads',2012,'Comedy Drama',1,'',44),(257,'Buried Treasure',0,'',0,'',0),(258,'Burn Notice',2012,'Action Crime Drama',6,'',44),(259,'Cajun Justice',0,'',0,'',0),(260,'Cajun Pawn Stars',0,'',0,'',0),(261,'Cake Boss',0,'',0,'',0),(262,'Californication',0,'',0,'',0),(263,'Call Me Fitz',0,'',0,'',0),(264,'Call Of The Wildman',0,'',0,'',0),(265,'Camelot',2011,' min',1,'',0),(266,'Canada\'s Worst Driver',2012,'Documentary Comedy',8,'',46),(267,'Canadas Worst Handyman',2011,'Reality',6,'',60),(268,'Canadian Idol',0,'',0,'',0),(269,'Candy Bar Girls',2011,'Reality',0,'',60),(270,'Cane',0,'',0,'',0),(271,'Caprica',2010,'Action Drama Sci',1,'',60),(272,'Captain America',0,'',0,'',0),(273,'Captain N And The New Super Mario World',0,'',0,'',0),(274,'Captain N The Game Master',1991,'Animation Fantasy Sci',3,'',25),(275,'Captain Planet',1996,'Animation Adventure Comedy',6,'',30),(276,'Car 54, Where Are You',1963,'Comedy',2,'',30),(277,'Car Warriors',0,'',0,'',0),(278,'Care Bears',0,'',0,'',0),(279,'Carfellas',0,'',0,'',0),(280,'Carnivale',2005,'Drama Fantasy Mystery',2,'',60),(281,'Carpoolers',0,'',0,'',0),(282,'Cashmere Mafia',2008,'Comedy Drama',1,'',60),(283,'Castle',0,'',0,'',0),(284,'Casualty',0,'',0,'',0),(285,'Celebrity Big Brother',2012,'Reality',10,'',50),(286,'Celebrity Ghost Stories',0,'',0,'',0),(287,'Celebrity Juice',2012,'Comedy Game',8,'',45),(288,'Celebrity Masterchef',2010,'Game',5,'',30),(289,'Celebrity Rehab With Dr. Drew',0,'',0,'',0),(290,'Centurions',1986,'Animation Action Sci',1,'',30),(291,'Chaos',0,'',0,'',0),(292,'Chappelles Show',2006,'Comedy Music',3,'',30),(293,'Charlie Jade',2005,'Drama Fantasy Mystery',1,'',45),(294,'Charlies Angels (2011)',2011,'Action Adventure Crime',1,'',60),(295,'Charm School',0,'',0,'',0),(296,'Charmed',2006,'Comedy Drama Fantasy',8,'',42),(297,'Chase',0,'',0,'',0),(298,'Chase (2010)',2011,'Action Crime Drama',1,'',60),(299,'Cheers',1993,'Comedy Drama',11,'',60),(300,'Chelsea Lately',2012,'Comedy Talk',6,'',22),(301,'Chicago Fire',0,'',0,'',0),(302,'Chicagolicious',0,'',0,'',0),(303,'Childrens Hospital',2012,'Comedy',4,'',11),(304,'Chip N Dale Rescue Rangers',1990,'Animation Adventure Comedy',3,'',30),(305,'Chocolate News',0,'',0,'',0),(306,'Chopped',2012,'TV',13,'',0),(307,'Chuck',0,'',0,'',0),(308,'City Homicide',2011,'Crime Drama Mystery',5,'',60),(309,'Clash Of The Gods',0,'',0,'',0),(310,'Class Of The Titans',0,'',0,'',0),(311,'Clerks',2001,'Comedy Animation',1,'',22),(312,'Clone High',2003,'Animation Comedy Sci',1,'',0),(313,'Close To Home',0,'',0,'',0),(314,'Clue Club',0,'',0,'',0),(315,'Coal',0,'',0,'',0),(316,'Code Lyoko',0,'',0,'',0),(317,'Code Monkeys',0,'',0,'',0),(318,'Cold Case',0,'',0,'',0),(319,'Coma',0,'',0,'',0),(320,'Combat',0,'',0,'',0),(321,'Combat Hospital',0,'',0,'',0),(322,'Combat Pawn',0,'',0,'',0),(323,'Comedy Bang! Bang!',0,'',0,'',0),(324,'Comedy Central Roast',0,'',0,'',0),(325,'Comic Book Men',0,'',0,'',0),(326,'Comic Relief',0,'',0,'',0),(327,'Coming Home (UK)',0,'',0,'',0),(328,'Commander In Chief',0,'',0,'',0),(329,'Common Law',0,'',0,'',0),(330,'Community',0,'',0,'',0),(331,'Conan',0,'',0,'',0),(332,'Confessions Animal Hoarding',0,'',0,'',0),(333,'Conspiracy Theory With Jesse Ventura',0,'',0,'',0),(334,'Continuum',0,'',0,'',0),(335,'Coogans Run',1995,'Comedy',1,'',30),(336,'Copper',2012,'Drama',1,'',60),(337,'Cops',0,'',0,'',0),(338,'Corner Gas',2009,'Comedy',6,'',30),(339,'Cory In Tha House',0,'',0,'',0),(340,'Cosmos',0,'',0,'',0),(341,'Cougar Town',2013,'Comedy',4,'',30),(342,'Count Duckula',1993,'Animation Comedy Family',4,'',22),(343,'Countdown With Keith Olbermann',2012,'News Talk',3,'',60),(344,'Counting Cars',0,'',0,'',0),(345,'Coupling',0,'',0,'',0),(346,'Covert Affairs',2012,'Action Crime Drama',3,'',60),(347,'Cow And Chicken',1999,'Animation Comedy Family',4,'',30),(348,'Crash',0,'',0,'',0),(349,'Crave',0,'',0,'',0),(350,'Criminal Minds',0,'',0,'',0),(351,'Criminal Minds Suspect Behaviour',0,'',0,'',0),(352,'Criss Angel Mindfreak',0,'',0,'',0),(353,'Crooked House',2008,'Horror Mystery',1,'',30),(354,'Crossing Jordan',2007,'Crime Drama Mystery',6,'',60),(355,'Crownies',2011,'Drama',1,'',60),(356,'Crusade',0,'',0,'',0),(357,'Crusoe',2010,'Adventure Drama History',1,'',60),(358,'CSI Crime Scene Investigation',2013,'Crime Drama Mystery',13,'',60),(359,'CSI Miami',2012,'Action Crime Drama',10,'',43),(360,'CSI NY',2012,'Action Crime Drama',9,'',43),(361,'Cuckoo',0,'',0,'',0),(362,'Cupcake Wars',2012,'TV',7,'',0),(363,'Curb Your Enthusiasm',2011,'Comedy',8,'',30),(364,'Curiosity The Questions Of Life',0,'',0,'',0),(365,'Cyberchase',0,'',0,'',0),(366,'Da Ali G Show',2004,'Comedy Talk',2,'',30),(367,'Dallas (2012)',0,'',0,'',0),(368,'Damages',2012,'Crime Drama Mystery',5,'',60),(369,'Dance Moms',2012,'TV',3,'',0),(370,'Dancing With The Stars',0,'',0,'',0),(371,'Daria',2001,'Animation Comedy',5,'',30),(372,'Dark Angel',2002,'Action Drama Mystery',2,'',60),(373,'Dark Blue',2010,'Action Crime Drama',2,'',60),(374,'Dark Matters',2012,'Documentary Horror Sci',2,'',30),(375,'Darkwing Duck',1992,'Animation Family Comedy',3,'',30),(376,'Dawsons Creek',2003,'Drama',6,'',60),(377,'DCI Banks',2012,'Crime Drama',3,'',45),(378,'Dead Boss',0,'',0,'',0),(379,'Dead Like Me',2004,'Comedy Drama Fantasy',2,'',60),(380,'Deadliest Catch',2012,'Documentary Reality',8,'',55),(381,'Deadliest Warrior',2011,'Action Adventure History',3,'',42),(382,'Deadwood',2006,'Crime Drama History',3,'',60),(383,'Death In Paradise',2011,'Crime Drama',1,'',60),(384,'Death Valley',0,'',0,'',0),(385,'Defenders Of The Earth',0,'',0,'',0),(386,'Defying Gravity',2009,'Drama Sci',1,'',60),(387,'Degrassi The Next Generation',0,'',0,'',0),(388,'Delocated',2012,'Comedy',3,'',0),(389,'Demons',0,'',0,'',0),(390,'Denise Richard - Its Complicated',0,'',0,'',0),(391,'Design Star',2012,'TV',6,'',0),(392,'Desperate Housewives',2012,'Comedy Drama Romance',8,'',45),(393,'Desperate Scousewives',0,'',0,'',0),(394,'Destination Truth',2012,'Reality',5,'',60),(395,'Detroit 1-8-7',2011,'Action Crime Drama',1,'',42),(396,'Dexter',0,'',0,'',0),(397,'Dexters Laboratory',0,'',0,'',0),(398,'Dharma And Greg',0,'',0,'',0),(399,'Diagnosis Murder',2002,'Crime Mystery Drama',8,'',60),(400,'Dilbert',2000,'Animation Comedy',2,'',30),(401,'Dinas Party',0,'',0,'',0),(402,'Diners Drive-Ins And Dives',0,'',0,'',0),(403,'Dinner Impossible',0,'',0,'',0),(404,'Dino Riders',0,'',0,'',0),(405,'Dino Squad',2008,'Animation',1,'',30),(406,'Dinosaur Revolution',0,'',0,'',0),(407,'Dinosaurs',0,'',0,'',0),(408,'Dirt',0,'',0,'',0),(409,'Dirty Jobs',0,'',0,'',0),(410,'Dirty Money (2011)',0,'',0,'',0),(411,'Dirty Sanchez',0,'',0,'',0),(412,'Dirty Sexy Money',2009,'Drama',2,'',45),(413,'Dirty Sexy Things',0,'',0,'',0),(414,'Dirty Soap',2011,'Reality',1,'',60),(415,'Dispatches',0,'',0,'',0),(416,'Do Not Disturb',2008,'Comedy',1,'',30),(417,'Do Over',2003,'Comedy Drama Fantasy',1,'',30),(418,'Doc Martin',0,'',0,'',0),(419,'Doctor Who (2005)',2013,'Adventure Drama Family',7,'',60),(420,'Doctor Who Confidential',2011,'Documentary',6,'',15),(421,'Dog The Bounty Hunter',2012,'Reality',8,'',30),(422,'Dog Whisperer',0,'',0,'',0),(423,'Dogs In The City',2012,'TV',1,'',0),(424,'Dollhouse',2010,'Drama Mystery Sci',2,'',44),(425,'Donald J. Trump Presents The Ultimate Merger',0,'',0,'',0),(426,'Dont Tell The Bride',0,'',0,'',0),(427,'Dont Trust The B In Apartment 23',2013,'Comedy',2,'',22),(428,'Doomsday Preppers',2012,'TV',1,'',0),(429,'Double The Fist',0,'',0,'',0),(430,'Downfall',0,'',0,'',0),(431,'Downton Abbey',2012,'Drama',3,'',65),(432,'Dr. Katz, Professional Therapist',2002,'Animation Comedy',6,'',30),(433,'Dr. Quinn, Medicine Woman',1998,'Drama Family Western',6,'',60),(434,'Dragnet',0,'',0,'',0),(435,'Dragon Ball Z',0,'',0,'',0),(436,'Dragon Booster',2006,'Adventure Action Animation',3,'',30),(437,'Dragons Den',0,'',0,'',0),(438,'Dragons Den (CA)',0,'',0,'',0),(439,'Drawn Together',2008,'Animation Comedy',3,'',22),(440,'Dream Machines',0,'',0,'',0),(441,'Drew Careys Improv A Ganza',0,'',0,'',0),(442,'Droids  The Adventures Of R2-D2 And C-3PO',0,'',0,'',0),(443,'Drop Dead Diva',2012,'Comedy Drama',4,'',60),(444,'Duck Dynasty',2012,'Reality',1,'',60),(445,'Duckman',1997,'Animation Comedy Drama',4,'',30),(446,'DuckTales',1990,'Animation Adventure Comedy',3,'',30),(447,'Due South',0,'',0,'',0),(448,'Duets',2012,'Game',1,'',60),(449,'Dungeons And Dragons',0,'',0,'',0),(450,'Durham County',2010,'Action Crime Drama',3,'',60),(451,'Dynamo - Magician Impossible',0,'',0,'',0),(452,'Dynomutt,Dog Wonder',0,'',0,'',0),(453,'E.R.',0,'',0,'',0),(454,'Eagleheart',0,'',0,'',0),(455,'Early Edition',2000,'Drama Fantasy',4,'',60),(456,'Earth 2',1995,'Adventure Sci',1,'',60),(457,'Earth Final Conflict',2002,'Action Drama Mystery',5,'',60),(458,'Eastbound And Down',0,'',0,'',0),(459,'Eastwick',0,'',0,'',0),(460,'Easy Money',0,'',0,'',0),(461,'Ed',0,'',0,'',0),(462,' Edens Bowy',0,'',0,'',0),(463,'Edgemont',0,'',0,'',0),(464,'Educating Essex',0,'',0,'',0),(465,'Elementary',2012,'Crime Drama Mystery',1,'',60),(466,'Eleventh Hour',0,'',0,'',0),(467,'Eli Stone',2009,'Comedy Drama',2,'',60),(468,'Elizabeth',0,'',0,'',0),(469,'Emily Owens, M.D',0,'',0,'',0),(470,'Endgame',2011,'Crime Drama',1,'',60),(471,'Engaged And Underage',2012,'TV',3,'',0),(472,'Enlightened',2012,'Comedy Drama',2,'',0),(473,'Entourage',0,'',0,'',0),(474,'Episodes',0,'',0,'',0),(475,'Estate Of Panic',0,'',0,'',0),(476,'Eureka',0,'',0,'',0),(477,'Even Stevens',0,'',0,'',0),(478,'Everwood',2006,'Drama',4,'',60),(479,'Everybody Hates Chris',2009,'Comedy',4,'',20),(480,'Everybody Loves Raymond',2005,'Comedy',9,'',23),(481,'Ewoks',1986,'Animation Adventure Family',2,'',30),(482,'Expedition Impossible',2011,'Reality',1,'',60),(483,'Extras',2007,'Comedy Drama',2,'',30),(484,'Extreme Chef',0,'',0,'',0),(485,'Extreme Couponing',2012,'Documentary',4,'',30),(486,'Extreme Ghostbusters',0,'',0,'',0),(487,'Extreme Makeover Home Edition',2012,'Reality',9,'',60),(488,'Extreme Makeover Weight Loss Edition',2013,'TV',3,'',0),(489,'Extreme Paranormal',2009,'TV',1,'',0),(490,'Face Off',2013,'Show Reality',4,'',0),(491,'Face The Ace',0,'',0,'',0),(492,'Fact Or Faked Paranormal Files',2012,'Documentary Mystery Reality',2,'',47),(493,'Factory',0,'',0,'',0),(494,'Fairly Legal',2012,'Comedy Drama',2,'',41),(495,'Falling Skies',2013,'Fi Thriller',3,'',0),(496,'Family Guy',2012,'Animation Comedy',11,'',22),(497,'Family Matters',1998,'Comedy Drama Family',9,'',30),(498,'Family Renovation',0,'',0,'',0),(499,'Fantasia For Real',0,'',0,'',0),(500,'Fantastic Four 2006',2007,'Animation Action Family',1,'',30),(501,'Farscape',2003,'Adventure Sci',4,'',50),(502,'Fashion Star',0,'',0,'',0),(503,'Fast And Loud',0,'',0,'',0),(504,'Father Ted',1998,'Comedy',3,'',25),(505,'Fawlty Towers',1979,'Comedy',2,'',30),(506,'Fear Factor',2012,'Game',7,'',60),(507,'Fear Itself',0,'',0,'',0),(508,'Felicity',2002,'Drama',4,'',60),(509,'Femme Fatales (2011)',0,'',0,'',0),(510,'Fillmore',2004,'Action Animation Comedy',2,'',30),(511,'Finding Bigfoot',2012,'Documentary Drama',2,'',45),(512,'Firefly',2003,'Adventure Drama Sci',1,'',42),(513,'Flash Gordon',0,'',0,'',0),(514,'FlashForward',2010,'Drama Mystery Sci',1,'',60),(515,'Flashpoint',2012,'Action Crime Drama',5,'',41),(516,'Flavor Of Love',0,'',0,'',0),(517,'Flight Of The Conchords',2009,'Comedy Music',2,'',25),(518,'Flip Men',0,'',0,'',0),(519,'Flipping Out',2012,'Reality',6,'',60),(520,'Flying Wild Alaska',2012,'Reality',3,'',60),(521,'Fonejacker',0,'',0,'',0),(522,'Food Network Challenge',0,'',0,'',0),(523,'Food Revolution',0,'',0,'',0),(524,'Foodography',2011,'TV',2,'',0),(525,'For Better Or Worse',0,'',0,'',0),(526,'Forever Knight',0,'',0,'',0),(527,'Four Weddings (2010)',0,'',0,'',0),(528,'Franklin And Bash',0,'',0,'',0),(529,'Frasier',2004,'Comedy',11,'',60),(530,'Fraud Squad (UK)',0,'',0,'',0),(531,'Freaky Eaters',0,'',0,'',0),(532,'Freddys Nightmares',1990,'Fantasy Horror Thriller',3,'',60),(533,'Free Agents (US)',2011,'Comedy',1,'',30),(534,'French Food Safari',2011,'Documentary',1,'',25),(535,'Fresh Meat',2012,'Comedy Drama',2,'',50),(536,'Friday Night Lights',2011,'Drama Sport',5,'',43),(537,'Friday The 13th',1990,'Horror',3,'',60),(538,'Friends',0,'',0,'',0),(539,'Friends With Benefits',2011,'Comedy',1,'',60),(540,'Fringe',2013,'Drama Mystery Sci',5,'',60),(541,'Frisky Dingo',2008,'Animation Comedy Sci',2,'',11),(542,'Frontier Force',0,'',0,'',0),(543,'Frys Planet Word',0,'',0,'',0),(544,'Full House',0,'',0,'',0),(545,'Futurama',2013,'Animation Comedy Sci',7,'',30),(546,'G.I. Joe',0,'',0,'',0),(547,'G.I. Joe Extreme',1995,'Action Animation',1,'',0),(548,'G.I. Joe Sigma Six',2006,'Animation',2,'',26),(549,'Galactik Football',0,'',0,'',0),(550,'Galaxy Rangers',1986,'Animation Adventure Sci',1,'',30),(551,'Game Of Thrones',2013,'Adventure Drama Fantasy',3,'',60),(552,'Game On',0,'',0,'',0),(553,'Gangland',2010,'Biography Crime History',5,'',43),(554,'Gargoyles',1996,'Animation Action Crime',2,'',30),(555,'Garrow\'s Law',0,'',0,'',0),(556,'Garth Marenghis Darkplace',2004,'Comedy Horror',1,'',30),(557,'Gary And Mike',0,'',0,'',0),(558,'Gary Unmarried',2010,'Comedy',2,'',30),(559,'Gates',0,'',0,'',0),(560,'Gator Boys',0,'',0,'',0),(561,'Gavin And Stacey',0,'',0,'',0),(562,'GCB',2012,'Comedy Drama',1,'',60),(563,'Gene Simmons Family Jewels',2012,'TV',8,'',0),(564,'General Hospital Night Shift',0,'',0,'',0),(565,'Generation Kill',2008,'',1,'',0),(566,'Geordie Shore',0,'',0,'',0),(567,'Get Smart',1970,'Comedy Crime Mystery',5,'',30),(568,'Ghost Adventures',2012,'History Sci',7,'',45),(569,'Ghost Hunters',0,'',0,'',0),(570,'Ghost Hunters International',0,'',0,'',0),(571,'Ghost Lab',2010,'TV',2,'',0),(572,'Ghost Whisperer',2010,'Drama Fantasy',5,'',60),(573,'Ghostwriter',0,'',0,'',0),(574,'Gigolos',0,'',0,'',0),(575,'Gilligans Island',1967,'Comedy Family',3,'',30),(576,'Gilmore Girls',2007,'Comedy Drama',7,'',44),(577,'Girlfriend Confidential LA',0,'',0,'',0),(578,'Girls',0,'',0,'',0),(579,'Giuliana And Bill',0,'',0,'',0),(580,'Glee',0,'',0,'',0),(581,'Go On',0,'',0,'',0),(582,'Gold Rush Alaska',0,'',0,'',0),(583,'Good Cop',2012,'Thriller',1,'',60),(584,'Good Dog',2012,'Comedy Drama',2,'',26),(585,'Good Eats',2012,'Documentary',14,'',30),(586,'Good God',0,'',0,'',0),(587,'Good Luck Charlie',0,'',0,'',0),(588,'Good Times',0,'',0,'',0),(589,'Goof Troop',1992,'Animation Family Comedy',2,'',30),(590,'Goosebumps',1998,'Family Fantasy Horror',4,'',30),(591,'Gordon Ramsay',0,'',0,'',0),(592,'Gordon Ramsay\'s Ultimate Cookery Course',0,'',0,'',0),(593,'Gordon\'s Great Escape',0,'',0,'',0),(594,'Gossip Girl',2012,'Drama Romance',6,'',42),(595,'Grand Designs',0,'',0,'',0),(596,'Gravity Falls',2012,'Animation Comedy Fantasy',1,'',30),(597,'Great Expectations (2011)',2011,'Drama',1,'',60),(598,'Great Lake Warriors',0,'',0,'',0),(599,'Greek',0,'',0,'',0),(600,'Green Lantern The Animated Series',2013,'Animation Action Sci',1,'',25),(601,'Green Wing',2006,'Comedy Drama',3,'',65),(602,'Grey Anatomy',0,'',0,'',0),(603,'Grimm',0,'',0,'',0),(604,'Grounded For Life',2005,'Comedy',5,'',30),(605,'Growing Pains',0,'',0,'',0),(606,'Guys With Kids',0,'',0,'',0),(607,'H2O Just Add Water',2010,'Drama Family Fantasy',3,'',24),(608,'H8R',0,'',0,'',0),(609,'Hair Battle Spectacular',0,'',0,'',0),(610,'Hairy Bikers',2007,'Documentary',3,'',29),(611,'Hairy Bikers Meals On Wheels',0,'',0,'',0),(612,'Hank',0,'',0,'',0),(613,'Hannah Montana',2011,'Comedy Family Music',4,'',23),(614,'Happily Divorced',2012,'Comedy',2,'',30),(615,'Happy Endings',2012,'Comedy',3,'',30),(616,'Happy Town',2010,'Drama Mystery Thriller',1,'',60),(617,'Hard Knocks',0,'',0,'',0),(618,'Hard Time',0,'',0,'',0),(619,'Hardcore Pawn',2012,'Reality',6,'',26),(620,'Harper Island',0,'',0,'',0),(621,'Harry Enfield And Chums',0,'',0,'',0),(622,'Harrys Law',2012,'Comedy Crime Drama',2,'',43),(623,'Hart Of Dixie',2012,'Comedy Drama',2,'',60),(624,'Hatfields And McCoys',0,'',0,'',0),(625,'Haunted Collector',2012,'Reality',2,'',30),(626,'Haunted Highway',2012,'Reality',1,'',60),(627,'Have I Got News For You',0,'',0,'',0),(628,'Haven',2012,'Crime Drama Fantasy',3,'',60),(629,'Hawaii Five 0',0,'',0,'',0),(630,'Hawthorne',2011,'Drama',3,'',43),(631,'He-Man And The Masters Of The Universe',0,'',0,'',0),(632,'Headcases',0,'',0,'',0),(633,'Heartland',0,'',0,'',0),(634,'Heartland (CA)',0,'',0,'',0),(635,'Heat Seekers',2012,'Reality',2,'',30),(636,'Heavy',0,'Documentary',0,'',60),(637,'Hell On Wheels',2012,'Drama Western',2,'',0),(638,'Hellcats',2011,'Comedy Drama',1,'',60),(639,'Hells Kitchen UK',2009,'Reality',4,'',60),(640,'Hells Kitchen US',2012,'Reality',10,'',42),(641,'Hercules The Legendary Journeys',1999,'Action Adventure Drama',6,'',50),(642,'Here Comes Honey Boo Boo',2012,'Reality',1,'',60),(643,'Heres Lucy',1974,'Comedy',6,'',30),(644,'Heroes',0,'',0,'',0),(645,'Hex',0,'',0,'',0),(646,'HGTV\'d',0,'',0,'',0),(647,'Hiccups',0,'',0,'',0),(648,'Hidden',0,'',0,'',0),(649,'Hidden City With Marcus Sakey',0,'',0,'',0),(650,'Hidden Palms',0,'',0,'',0),(651,'Highlander',0,'',0,'',0),(652,'Highlander The Raven',1999,'Action Adventure',1,'',60),(653,'Highway Thru Hell',0,'',0,'',0),(654,'Hillbilly Handfishin\'',2012,'TV',2,'',0),(655,'Him And Her',0,'',0,'',0),(656,'Hit And Miss',0,'',0,'',0),(657,'Hoarders',2012,'Reality',6,'',0),(658,'Hoarding Buried Alive',0,'',0,'',0),(659,'Hogans Heroes',1971,'Comedy War',6,'',25),(660,'Hogs Gone Wild',0,'',0,'',0),(661,'Holby City',2012,'Drama',15,'',50),(662,'Hollys World',0,'',0,'',0),(663,'Hollywood Exes',0,'',0,'',0),(664,'Holmes On Homes',0,'',0,'',0),(665,'Home By Novogratz',0,'',0,'',0),(666,'Home Movies',0,'',0,'',0),(667,'Home Takeover With Simon And Tomas',0,'',0,'',0),(668,'Home Time',0,'',0,'',0),(669,'Homeland',0,'',0,'',0),(670,'Homeland Security USA',0,'',0,'',0),(671,'Hoop Boys',0,'',0,'',0),(672,'Hope Springs',2009,'Drama',1,'',60),(673,'Horizon',0,'',0,'',0),(674,'Hot In Cleveland',2012,'Comedy',4,'',30),(675,'Hotel Babylon (UK)',0,'',0,'',0),(676,'Hotel Hell',2012,'Reality',1,'',60),(677,'House',0,'',0,'',0),(678,'House Of Anubis',2012,'Drama Family Mystery',3,'',15),(679,'House Of Lies',0,'',0,'',0),(680,'House Of Payne',2012,'Comedy Drama Family',7,'',30),(681,'How Booze Built America',0,'',0,'',0),(682,'How I Met Your Mother',2012,'Comedy Romance',8,'',25),(683,'How To Be A Gentleman',2012,'Comedy',1,'',30),(684,'How To Make It In America',2011,'Comedy Drama',2,'',30),(685,'How To Win In The Den',0,'',0,'',0),(686,'Huff',0,'',0,'',0),(687,'Huge',0,'',0,'',0),(688,'Hulk Hogans MCW',0,'',0,'',0),(689,'Human Target',2011,'Action Adventure Crime',2,'',60),(690,'Hung',0,'',0,'',0),(691,'Hustle',0,'',0,'',0),(692,'I Almost Got Away With It',0,'',0,'',0),(693,'I Am Weasel',1999,'Animation Comedy Family',5,'',30),(694,'I Didnt Know I Was Pregnant',2011,'Reality',5,'',60),(695,'I Dream Of Jeannie',1970,'Comedy Family Fantasy',5,'',30),(696,'I Faked My Own Death',0,'',0,'',0),(697,'I Hate My Teenage Daughter',2012,'Comedy',1,'',30),(698,'I Just Want My Pants Back',2012,'Comedy Drama',1,'',30),(699,'I Survived A Japanese Gameshow',0,'',0,'',0),(700,'I Used To Be Fat',0,'',0,'',0),(701,'ICarly',2012,'Comedy Family',6,'',30),(702,'Ice Loves Coco',2012,'Reality',3,'',30),(703,'Ice Road Truckers',2012,'Documentary Reality',6,'',60),(704,'Ideal',2011,'Comedy',7,'',30),(705,'Impractical Jokers',2012,'Reality',2,'',30),(706,'In Case Of Emergency',0,'',0,'',0),(707,'In Plain Sight',2012,'Crime Drama Mystery',5,'',60),(708,'In The Flow With Affion Crockett',2011,'Comedy',1,'',30),(709,'In Their Footsteps',0,'Documentary War',0,'',48),(710,'In Treatment',2011,'Drama',3,'',25),(711,'Injustice',0,'',0,'',0),(712,'Ink Master',0,'',0,'',0),(713,'Inside Natures Giants',0,'',0,'',0),(714,'Inspector Gadget',1985,'Animation Action Adventure',2,'',30),(715,'Instant Star',0,'',0,'',0),(716,'Intervention',0,'',0,'',0),(717,'Into The West',2005,' min',1,'',0),(718,'Invasion',0,'',0,'',0),(719,'Iron Chef America',2012,'Game',10,'',60),(720,'Iron Man (2011)',0,'',0,'',0),(721,'Iron Man Armored Adventures',2012,'Animation Action Adventure',2,'',0),(722,'IRT Deadliest Roads',0,'',0,'',0),(723,'Its Always Sunny In Philadelphia',2012,'Comedy',9,'',30),(724,'Jack Of All Trades',2000,'Adventure Action Comedy',2,'',30),(725,'Jackass',2007,'Action Comedy Reality',3,'',0),(726,'Jackie Chan Adventures',2005,'Animation Fantasy Family',5,'',30),(727,'JAG',2005,'Action Crime Drama',10,'',60),(728,'Jake',0,'',0,'',0),(729,'Jake 2.0',2004,'Drama Sci',1,'',60),(730,'Jam And Jerusalem',2009,'Comedy',3,'',60),(731,'Jane By Design',0,'',0,'',0),(732,'Jekyll',0,'',0,'',0),(733,'Jericho',0,'',0,'',0),(734,'Jersey Couture',2012,'TV',2,'',0),(735,'Jersey Shore',2012,'Comedy Drama Reality',6,'',40),(736,'Jerseylicious',2012,'TV',4,'',0),(737,'Jessie',2012,'Comedy',2,'',30),(738,'Joan Of Arcadia',2005,'Drama Fantasy',2,'',60),(739,'Joe 90',0,'',0,'',0),(740,'Joey',0,'',0,'',0),(741,'Josie And The Pussycats',0,'',0,'',0),(742,'Journeyman',2007,'Fantasy Romance Sci',1,'',45),(743,'Judge Judy',2012,'Reality',14,'',30),(744,'Judith Lucys Spiritual Journey',0,'',0,'',0),(745,'Junior Masterchef Australia',2011,'Reality',2,'',60),(746,'JUNKies (2011)',0,'',0,'',0),(747,'Jurassic CSI',0,'',0,'',0),(748,'Jurassic Fight Club',0,'',0,'',0),(749,'Justice',0,'',0,'',0),(750,'Justice League',2006,'Animation Action Adventure',5,'',30),(751,'Justified',2013,'Action Crime Drama',4,'',60),(752,'K-Ville',2008,'Crime Drama',1,'',60),(753,'Karaoke Battle USA',0,'',0,'',0),(754,'Kath And Kim',0,'',0,'',0),(755,'Kath And Kim (Australia)',0,'',0,'',0),(756,'Kathy',0,'',0,'',0),(757,'Keeping Up Appearances',1995,'Comedy',5,'',60),(758,' Keeping Up With The Kardashians',2012,'Reality',9,'',0),(759,'Kendra',0,'',0,'',0),(760,'Kenny Hotzs Triumph Of The Will',0,'',0,'',0),(761,'Kenny Vs. Spenny',2010,'Comedy Reality',6,'',22),(762,'Key And Peele',0,'',0,'',0),(763,'Khloe And Lamar',0,'',0,'',0),(764,'Kid Nation',0,'',0,'',0),(765,'Killer Instinct',2006,'Crime Drama Mystery',1,'',60),(766,'Kim Possible',2007,'Adventure Animation Family',4,'',30),(767,'Kimora Life In The Fab Lane',0,'',0,'',0),(768,'King',0,'',0,'',0),(769,'King Of The Hill',2010,'Animation Comedy Drama',13,'',30),(770,'Kingdom',0,'',0,'',0),(771,'Kingdom Hospital',2004,'Drama Fantasy Horror',1,'',608),(772,'Kings',0,'',0,'',0),(773,'Kitchen Confidential',2006,'Comedy',1,'',22),(774,'Kitchen Cousins',0,'',0,'',0),(775,'Kitchen Nightmares',0,'',0,'',0),(776,'Knight Rider',0,'',0,'',0),(777,'Known Universe',2011,'Documentary',3,'',60),(778,'Kourtney And Khloe Take Miami',2013,'Reality',3,'',60),(779,'Kourtney And Kim Take New York',2012,'TV',2,'',0),(780,'Kyle XY',2009,'Drama Mystery Sci',3,'',60),(781,'La Femme Nikita',2001,'Action Drama Romance',5,'',50),(782,'LA Ink',2011,'Documentary',4,'',60),(783,'La La\'s Full Court Life',0,'',0,'',0),(784,'Laguna Beach',0,'',0,'',0),(785,'Lark Rise To Candleford',0,'',0,'',0),(786,'Las Vegas',0,'',0,'',0),(787,'Las Vegas Jailhouse',0,'',0,'',0),(788,'Last Man Standing',0,'',0,'',0),(789,'Last Resort',2012,'Action Drama Mystery',1,'',60),(790,'Late Show With David Letterman',2012,'Comedy Talk',20,'',60),(791,'Law And Order',1978,' min',1,'',0),(792,'Law And Order Criminal Intent',0,'',0,'',0),(793,'Law And Order Los Angeles',0,'',0,'',0),(794,'Law And Order UK',0,'',0,'',0),(795,'Law And Order: Criminal Intent',0,'',0,'',0),(796,'Law And Order: SVU',0,'',0,'',0),(797,'Lawrence Leungs Unbelievable',0,'',0,'',0),(798,'Lee Nelson\'s Well Good Show',0,'',0,'',0),(799,'Legend Of The Seeker',0,'',0,'',0),(800,'Legion Of Super Heroes',0,'',0,'',0),(801,'Lego Star Wars',0,'',0,'',0),(802,'Lets Stay Together',0,'',0,'',0),(803,'Level Up',0,'',0,'',0),(804,'Leverage',2013,'Action Crime Mystery',5,'',60),(805,'Lexx',2002,'Adventure Sci',4,'',60),(806,'Lie To Me',2011,'Crime Drama Mystery',3,'',43),(807,'Life',0,'',0,'',0),(808,'Life On A Wire',0,'',0,'',0),(809,'Life On Mars',0,'',0,'',0),(810,'Life Unexpected',2011,'Drama',2,'',60),(811,'Life With Derek',2009,'Family',4,'',30),(812,'Lifes Too Short',0,'',0,'',0),(813,'Lights Out',0,'',0,'',0),(814,'Lilyhammer',0,'',0,'',0),(815,'Lincoln Heights',0,'',0,'',0),(816,'Line Of Duty',2012,'Crime Drama Thriller',1,'',300),(817,'Lip Service',2012,'Drama',2,'',60),(818,'Lipstick Jungle',2009,'Comedy Drama',2,'',60),(819,'Little House On The Prairie',0,'',0,'',0),(820,'Little Mosque On The Prairie',2012,'Comedy',6,'',22),(821,'Live To Dance (2010)',0,'',0,'',0),(822,'Living Lohan',2008,'TV',1,'',0),(823,'Living Single',1998,'Comedy',5,'',30),(824,'Lizard Lick Towing',2012,'Reality',3,'',30),(825,'Lizzie Mcguire',2004,'Comedy Family',2,'',22),(826,'Location Location Location',0,'',0,'',0),(827,'Lois And Clark',0,'',0,'',0),(828,'Lone Star',2010,'Drama',1,'',60),(829,'Long Island Medium',0,'',0,'',0),(830,'Longmire',2012,'Drama Western',1,'',60),(831,'Lost',0,'',0,'',0),(832,'Lost Girl',2013,'Crime Fantasy Horror',3,'',60),(833,'Lost In Austen',2008,' min',1,'',0),(834,'Louie',0,'',0,'',0),(835,'Love And Hip Hop',2012,'TV',1,'',0),(836,'Love And Hip Hop Atlanta',2012,'TV',1,'',0),(837,'Love Bites',2011,'Comedy',1,'',60),(838,'Love Games Bad Girls Need Love Too',0,'',0,'',0),(839,'Love Handles Couples In Crisis',0,'',0,'',0),(840,'Love In The Wild',2012,'Reality',2,'',60),(841,'Luck',0,'',0,'',0),(842,'Lucky Louie',2007,'Comedy',1,'',30),(843,'Lucy Daughter Of The Devil',0,'',0,'',0),(844,'Luther',0,'',0,'',0),(845,'M.A.S.K.',0,'',0,'',0),(846,'MacGyver',0,'',0,'',0),(847,'Mad (2010)',0,'',0,'',0),(848,'Mad About You',1999,'Comedy Romance',7,'',22),(849,'Mad Love',2011,'Comedy',1,'',30),(850,'Mad Men',2012,'Drama',6,'',45),(851,'Made In Chelsea',0,'',0,'',0),(852,'Made In Jersey',2012,'Drama',1,'',43),(853,'Magic City',2013,'Crime Drama Mystery',2,'',50),(854,'Magics Biggest Secrets Finally Revealed',0,'',0,'',0),(855,'Major Crimes',2012,'Crime Drama Mystery',1,'',60),(856,'Make It Or Break It',0,'',0,'',0),(857,'Make Me A Supermodel',2010,'TV',2,'',0),(858,'Malcolm In The Middle',2006,'Comedy',7,'',30),(859,'Mama Drama',2012,'Reality',1,'',60),(860,'Man Up',0,'',0,'',0),(861,'Man V. Food',0,'',0,'',0),(862,'Man Vs Wild',2011,'Adventure Reality',7,'',60),(863,'Man Woman Wild',0,'',0,'',0),(864,'Married To Jonas',2012,'Reality',1,'',30),(865,'Married With Children',0,'',0,'',0),(866,'Martin',0,'',0,'',0),(867,'Martin Mystery',0,'',0,'',0),(868,'MASH',0,'',0,'',0),(869,'Masterchef',0,'',0,'',0),(870,'Masterchef Australia',0,'',0,'',0),(871,'Masters Of Horror',2007,'Horror Thriller',2,'',60),(872,'Masters Of Science Fiction',2007,' min',1,'',0),(873,'Mayday Mayday',0,'',0,'',0),(874,'Meadowlands (aka Cape Wrath )',0,'',0,'',0),(875,'Medium',2011,'Crime Drama Mystery',7,'',60),(876,'Meet The Browns',2012,'Comedy',4,'',30),(877,'Melissa And Joey',0,'',0,'',0),(878,'Melrose Place',0,'',0,'',0),(879,'Melrose Place (2009)',2010,'Drama',1,'',60),(880,'Memphis Beat',2011,'Comedy Crime Drama',2,'',43),(881,'Men At Work',2012,'Comedy Drama',2,'',30),(882,'Men Behaving Badly',0,'',0,'',0),(883,'Men In Trees',2008,'Comedy Drama Romance',2,'',45),(884,'Men Of A Certain Age',2011,'Comedy Drama',2,'',60),(885,'Mental',0,'',0,'',0),(886,'Mercy',2010,'Drama',1,'',60),(887,'Merlin',0,'',0,'',0),(888,'Metalocalypse',2012,'Animation Comedy Music',4,'',11),(889,'Miami Medical',2010,'Action Drama Mystery',1,'',60),(890,'Miami Vice',1990,'Action Crime Drama',5,'',48),(891,'Midsomer Murders',2012,'Crime Drama Mystery',15,'',100),(892,'Mighty Ducks',0,'',0,'',0),(893,'Mike And Molly',0,'',0,'',0),(894,'Millenium',0,'',0,'',0),(895,'Million Dollar Decorators',0,'',0,'',0),(896,'Million Dollar Listing',2012,'Reality',5,'',60),(897,'Million Dollar Listing NY',0,'',0,'',0),(898,'Million Dollar Rooms',2012,'TV',2,'',0),(899,'Minute To Win It',0,'Game',0,'',60),(900,'Misfits',2012,'Comedy Drama Fantasy',4,'',60),(901,'Miss Guided',0,'',0,'',0),(902,'Missing',0,'',0,'',0),(903,'Missing Millions',0,'',0,'',0),(904,'Mission Hill',0,'',0,'',0),(905,'Mister T',0,'',0,'',0),(906,'Mob Wives',2012,'TV',2,'',0),(907,'Mob Wives Chicago',0,'',0,'',0),(908,'Mobbed',2012,'Reality',2,'',60),(909,'Mock The Week',2012,'Comedy Game',11,'',29),(910,'Modern Family',2012,'Comedy',4,'',30),(911,'Momster Of The Bride',0,'TV',0,'',0),(912,'Monk',2009,'Comedy Drama Mystery',8,'',47),(913,'Monkey Dust',2003,'Comedy Animation',3,'',29),(914,'Monster In-Laws',0,'',0,'',0),(915,'Monsters Inside Me',2012,'Documentary',3,'',60),(916,'Monty Halls\' Great Irish Escape',0,'',0,'',0),(917,'Monty Pythons Flying Circus',1974,'Comedy Music',4,'',30),(918,'Moone Boy',0,'',0,'',0),(919,'Moonlight',2008,'Drama Fantasy Horror',1,'',60),(920,'Moonlighting',1989,'Comedy Drama Mystery',5,'',60),(921,'Most Eligible Dallas',0,'',0,'',0),(922,'Most Haunted',0,'',0,'',0),(923,'Mount Pleasant',2012,'Comedy',2,'',60),(924,'Mountain Men',0,'',0,'',0),(925,'Mr Sunshine',0,'',0,'',0),(926,'Mr T',0,'',0,'',0),(927,'Mrs Biggs',2012,'Drama',1,'',90),(928,'Mrs Browns Boys',2012,'Comedy',2,'',26),(929,'MTV Video Music Awards',0,'',0,'',0),(930,'Muppet Babies',1991,'Animation Family',8,'',60),(931,'Murdoch, The Mogul That Screwed The News',0,'',0,'',0),(932,'Murphy Brown',0,'',0,'',0),(933,' Murphys Law',2007,'Crime Drama Mystery',5,'',60),(934,'Mutant X',2004,'Action Drama Adventure',3,'',60),(935,'My Babysitter\'s A Vampire',0,'',0,'',0),(936,'My Big Fat Royal Gypsy Wedding',0,'',0,'',0),(937,'My Big Redneck Vacation',2012,'TV',2,'',0),(938,'My Boys',2010,'Comedy',4,'',30),(939,'My Crazy Obsession',0,'',0,'',0),(940,'My Family',0,'',0,'',0),(941,'My Generation',0,'',0,'',0),(942,'My Ghost Story',0,'',0,'',0),(943,'My Hero',0,'',0,'',0),(944,'My Kitchen Rules',2012,'TV',3,'',0),(945,'My Life As Liz',0,'',0,'',0),(946,'My Name Is Earl',2009,'Comedy',4,'',30),(947,'My Own Worst Enemy',2008,'Action Drama Thriller',1,'',60),(948,'My Ride Rules',0,'',0,'',0),(949,'My Strange Addiction',2012,'Reality',3,'',30),(950,'My Wife And Kids',2005,'Comedy',5,'',30),(951,'Mythbusters',2012,'Documentary Mystery',13,'',44),(952,'Naked Science',0,'',0,'',0),(953,'Napoleon Dynamite',2012,'Animation Comedy',1,'',0),(954,'Nashville (2012)',0,'',0,'',0),(955,'National Geographic',0,'',0,'',0),(956,'National Treasures Live',2011,'History',1,'',30),(957,'Natural Born Sellers (US)',0,'',0,'',0),(958,'Natural World',0,'',0,'',0),(959,'Natures Miracle Babies',0,'',0,'',0),(960,'NCIS',0,'',0,'',0),(961,'NCIS Los Angeles',2012,'Crime Drama Mystery',4,'',43),(962,'Necessary Roughness',2012,'Drama',2,'',60),(963,'Neds Declassified School Survival Guide',0,'',0,'',0),(964,'Neighbors From Hell',2010,'Animation Comedy',1,'',30),(965,'Never Mind The Buzzcocks',2012,'Comedy Game',26,'',30),(966,'New Amsterdam',2008,'Crime Drama',1,'',60),(967,'New Girl',2012,'Comedy',2,'',30),(968,'New Tricks',2012,'Comedy Crime Drama',9,'',60),(969,'NewsRadio',1999,'Comedy Romance',5,'',23),(970,'Nick Swardsons Pretend Time',2011,'Comedy',2,'',30),(971,'Nikita',0,'',0,'',0),(972,'Nip Tuck',0,'',0,'',0),(973,'No Heroics',0,'',0,'',0),(974,'No Ordinary Family',2011,'Action Comedy Drama',1,'',60),(975,'North Shore',0,'',0,'',0),(976,'Northern Exposure',1995,'Comedy Drama',6,'',60),(977,'NOVA',0,'',0,'',0),(978,'NTSF SD SUV',0,'',0,'',0),(979,'Numb3rs',2010,'Crime Drama Mystery',6,'',43),(980,'Nurse Jackie',2013,'Comedy Drama',5,'',27),(981,'NY Ink',0,'',0,'',0),(982,'NY Med',0,'',0,'',0),(983,'NYC 22',2012,'Crime Drama',1,'',60),(984,'NYPD Blue',2005,'Crime Drama Mystery',12,'',60),(985,'Obsessed',2010,'Reality',2,'',60),(986,'Ocean Girl',1997,'Action Adventure Family',4,'',25),(987,'October Road',2008,'Drama Mystery',2,'',43),(988,'Oddities',0,'',0,'',0),(989,'Off Centre',2002,'Comedy',2,'',30),(990,'Off The Map',2011,'Action Adventure Drama',1,'',42),(991,'Offspring',2012,'Comedy Drama',3,'',60),(992,'Oh Sit!',0,'',0,'',0),(993,'Once Upon A Time',0,'',0,'',0),(994,'One Car Too Far',2012,'Reality',1,'',60),(995,'One Man Army',2011,'Reality',3,'',42),(996,'One Step Beyond',0,'',0,'',0),(997,'One Tree Hill',2012,'Drama Sport',9,'',60),(998,'Only Fools And Horses',2003,'Comedy',9,'',30),(999,'Only In America With Larry The Cable Guy',0,'',0,'',0),(1000,'Opening Act',0,'',0,'',0),(1001,'Operation Repo',2012,'TV',10,'',0),(1002,'Out Of Practice',2006,'Comedy',1,'',30),(1003,'Outcasts',2011,'Drama Sci',1,'',60),(1004,'Outlaw',0,'',0,'',0),(1005,'Outnumbered',2011,'Comedy Drama',5,'',30),(1006,'Outrageous Fortune',2010,'Comedy Crime Drama',6,'',60),(1007,'Outsourced',2011,'Comedy',1,'',30),(1008,'Over There',2005,'Action Drama War',1,'',60),(1009,'Oz',0,'',0,'',0),(1010,'Packed To The Rafters',2013,'Comedy Drama',5,'',60),(1011,'Painkiller Jane',2007,'Action Sci',1,'',44),(1012,'Pam Girl On The Loose',0,'',0,'',0),(1013,'Pan Am',0,'',0,'',0),(1014,'Parade\'s End',0,'',0,'',0),(1015,'Paradise',0,'',0,'',0),(1016,'Paranormal Challenge',2011,'Documentary Mystery Reality',1,'',60),(1017,' Paranormal State',2011,'Reality',6,'',30),(1018,'Paranormal Witness',0,'',0,'',0),(1019,'Parenthood',2012,'Comedy Drama',4,'',60),(1020,'Paris Hilton My New BFF',0,'',0,'',0),(1021,'Parking Wars',2012,'Reality',6,'',30),(1022,'Parks And Recreation',2012,'Comedy',5,'',21),(1023,'Partners',0,'',0,'',0),(1024,'Past Life',2010,'Crime Drama Mystery',1,'',60),(1025,'Pawn Queens',2011,'Reality',1,'',30),(1026,'Pawn Stars',2012,'Reality',6,'',30),(1027,'Peep Show',2013,'Comedy',9,'',24),(1028,'Penn And Teller Bullshit',0,'',0,'',0),(1029,'Penn And Teller Fool Us',0,'',0,'',0),(1030,'Penn And Teller Tell A Lie',0,'',0,'',0),(1031,'Perception',0,'',0,'',0),(1032,'Perfect Couples',2011,'Comedy Romance',1,'',30),(1033,'Person Of Interest',2012,'Action Drama Mystery',2,'',43),(1034,'Persons Unknown',2010,'Drama Mystery Thriller',1,'',43),(1035,'Phil Of The Future',0,'',0,'',0),(1036,'Phineas And Ferb',2013,'Animation Comedy Family',3,'',30),(1037,'Phoenix Nights',2002,'Comedy',2,'',25),(1038,'PhoneShop',0,'',0,'',0),(1039,'Picked Off',2012,'Game',1,'',60),(1040,'Picker Sisters',0,'',0,'',0),(1041,'Pilot Candidate',0,'',0,'',0),(1042,'Pimp My Ride',2009,'Reality',6,'',30),(1043,'Pit Boss',2012,'TV',4,'',0),(1044,'Planet Dinosaur',2011,'Documentary Animation Action',1,'',180),(1045,'Plastic Man',0,'Animation Short Adventure',0,'',15),(1046,'Players',0,'',0,'',0),(1047,'Poh\'s Kitchen',0,'',0,'',0),(1048,'Point Pleasant',2006,'Crime Drama Horror',1,'',60),(1049,'Police Squad',0,'',0,'',0),(1050,'Police Women Of Broward County',2011,'Reality',2,'',60),(1051,'Political Animals',2012,'  min',1,'',0),(1052,'Polyamory Married And Dating',0,'',0,'',0),(1053,'Popular',0,'',0,'',0),(1054,'Portlandia',0,'',0,'',0),(1055,'Power Ranger',0,'',0,'',0),(1056,'PrankStars',0,'',0,'',0),(1057,'Pregnant In Heels',2012,'TV',2,'',0),(1058,'Pretty Little Liars',2013,'Drama Mystery Thriller',3,'',60),(1059,'Prime Suspect (US)',2012,'Crime Drama Thriller',1,'',60),(1060,'Primeval',0,'',0,'',0),(1061,'Prison Break',0,'',0,'',0),(1062,'Prison Diaries',0,'',0,'',0),(1063,'Prisoners Of Gravity',0,'',0,'',0),(1064,'Private Practice',2012,'Comedy Drama Romance',6,'',60),(1065,'Privileged',2009,'Comedy',1,'',45),(1066,'Project Accessory',2011,'TV',1,'',0),(1067,'Project Catwalk',0,'',0,'',0),(1068,'Project Runway All Stars',2012,'Game',2,'',60),(1069,'Project Runway Australia',0,'',0,'',0),(1070,'Project Runway Canada',0,'',0,'',0),(1071,'Project Runway US',0,'',0,'',0),(1072,'Property Brothers',2012,'Reality',3,'',60),(1073,'Property Wars',0,'',0,'',0),(1074,'Psych',2013,'Comedy Crime Mystery',7,'',41),(1075,'Psychoville',0,'',0,'',0),(1076,'Puberty Blues',2012,'Drama',1,'',45),(1077,'Punkd',0,'',0,'',0),(1078,'Push Girls',2012,'TV',1,'',0),(1079,'Pushing Daisies',2009,'Comedy Drama Fantasy',2,'',43),(1080,'Q\'Viva! The Chosen',0,'',0,'',0),(1081,'QI',2012,'Comedy Game',10,'',30),(1082,'Quack Pack',1997,'Animation Adventure Comedy',1,'',30),(1083,'Queer As Folk',0,'',0,'',0),(1084,'Radio Free Roscoe',0,'',0,'',0),(1085,'Raising Hope',2012,'Comedy Drama Family',3,'',22),(1086,'Raising The Bar',0,'',0,'',0),(1087,'Rake',2012,'Comedy Drama',2,'',60),(1088,'Randy Jackson Presents Americas Best Dance Crew',2012,'TV',6,'',0),(1089,'Ready Or Not',0,'',0,'',0),(1090,'Real Chance Of Love',2009,'TV',2,'',0),(1091,'Real Food Family Cook Off',0,'',0,'',0),(1092,'Real Time With Bill Maher',2012,'Comedy Talk',10,'',60),(1093,'Reality Bites Back',0,'',0,'',0),(1094,'Reaper',2009,'Adventure Comedy Drama',2,'',45),(1095,'Reba',2007,'Comedy Drama',6,'',30),(1096,'Reboot',2001,'Animation Action Adventure',4,'',30),(1097,'Red Dwarf',0,'',0,'',0),(1098,'Red Vs. Blue',2008,'Animation Action Adventure',5,'',6),(1099,'Redneck Island',0,'',0,'',0),(1100,'Reed Between The Lines',2011,'Comedy',1,'',30),(1101,'Regenesis',2008,'Drama Sci',4,'',60),(1102,'Regimental Stories',0,'',0,'',0),(1103,'Relic Hunter',2002,'Fantasy Mystery Adventure',3,'',60),(1104,'Remodeled',0,'',0,'',0),(1105,'Renegade',1997,'Action Drama',5,'',45),(1106,'Reno 911',2009,'Comedy Crime',6,'',22),(1107,'Republic Of Doyle',2013,'Comedy Crime Drama',4,'',60),(1108,'Rescue 911',0,'',0,'',0),(1109,'Rescue Me',2011,'Drama Comedy',7,'',60),(1110,'Restaurant Impossible',2012,'Reality',5,'',60),(1111,'Restaurant Stakeout',0,'',0,'',0),(1112,'Retired At 35',2012,'Comedy',2,'',30),(1113,'Return To Treasure Island',0,'',0,'',0),(1114,'Revenge',0,'',0,'',0),(1115,'Revolution',0,'',0,'',0),(1116,'Rhett And Link Commercial Kings',0,'',0,'',0),(1117,'Rick Mercer Report',2012,'Comedy',10,'',30),(1118,'Ridiculousness',2012,'Reality',2,'',30),(1119,'Ringer',2012,'Crime Drama Mystery',1,'',44),(1120,'Rita Rocks',0,'',0,'',0),(1121,'River Monsters',0,'',0,'',0),(1122,'Rizzoli And Isles',0,'',0,'',0),(1123,'Road To Avonlea',1996,'Drama Adventure Family',7,'',60),(1124,'Rob',0,'',0,'',0),(1125,'Rob Dyrdeks Fantasy Factory',2012,'Comedy Reality',5,'',0),(1126,'Robinhood',0,'',0,'',0),(1127,'Robot Chicken',2013,'Animation Comedy',6,'',11),(1128,'Rock Center With Brian Williams',2012,'News',1,'',60),(1129,'Rock Of Love With Bret Michaels',2009,'TV Romance',3,'',0),(1130,'Rocket City Rednecks',0,'',0,'',0),(1131,'Rome',0,'',0,'',0),(1132,'Rookie Blue',2013,'Crime Drama',4,'',60),(1133,'Roseanne',1997,'Comedy Drama',9,'',22),(1134,'Roseannes Nuts',2011,'Comedy Reality',1,'',30),(1135,'Ross Kemp On Gangs',0,'',0,'',0),(1136,'Roswell',0,'',0,'',0),(1137,'Rove LA',2012,'Show',2,'',0),(1138,'Royal Navy Submarine Mission',0,'',0,'',0),(1139,'Royal Pains',2012,'Comedy Drama',4,'',42),(1140,'Rubicon',2010,'Crime Drama Mystery',1,'',45),(1141,'Ruby',0,'',0,'',0),(1142,'Ruby And The Rockits',0,'',0,'',0),(1143,'Rude Tube',0,'Comedy',0,'',60),(1144,'Rugrats',2006,'Animation Comedy Family',10,'',30),(1145,'Rules Of Engagement',2013,'Comedy Romance',7,'',30),(1146,'Running Wilde',2011,'Comedy',1,'',30),(1147,'RuPaul\'s Drag U',2012,'TV',3,'',0),(1148,'RuPauls Drag Race',0,'',0,'',0),(1149,'Rush (2008)',0,'',0,'',0),(1150,'Russian Dolls',2007,'Crime Drama',2,'',50),(1151,'Sabrina The Animated Series',0,'',0,'',0),(1152,'Sabrina The Teenage Witch',2003,'Comedy Family Fantasy',7,'',22),(1153,'Saddle Ranch',0,'',0,'',0),(1154,'Samantha Who',2009,'Comedy Mystery Romance',2,'',22),(1155,'Samurai Girl',0,'',0,'',0),(1156,'Sanctuary',0,'',0,'',0),(1157,'Sand Masters',0,'',0,'',0),(1158,'Sandhurst',0,'',0,'',0),(1159,'Sandwich King',0,'',0,'',0),(1160,'Saturday Night Live',2012,'Comedy Music',38,'',90),(1161,'Saved By The Bell',0,'',0,'',0),(1162,'Saving Grace',0,'',0,'',0),(1163,'Saving Hope',0,'',0,'',0),(1164,'Saxondale',2007,'Comedy',2,'',30),(1165,'Say Yes To The Dress',2011,'Reality',3,'',30),(1166,'Say Yes To The Dress Atlanta',0,'',0,'',0),(1167,'Scandal',0,'',0,'',0),(1168,'Scare Tactics',2012,'TV',5,'',0),(1169,'Scooby-Doo! Mystery Incorporated',0,'',0,'',0),(1170,'Scooby-Doo, Where Are You!',1978,'Animation Family Mystery',3,'',30),(1171,'Scoobys All Star Laff-A-Lympics',2003,'Animation Comedy Family',1,'',0),(1172,'Scott And Bailey',0,'',0,'',0),(1173,'Scoundrels',0,'',0,'',0),(1174,'Scrubs',2010,'Comedy Drama',9,'',24),(1175,'Sea Patrol',0,'',0,'',0),(1176,'Sealab 2021',2005,'Animation Comedy Sci',5,'',11),(1177,'Seconds From Disaster',2012,'Documentary',6,'',60),(1178,'Secret Diary Of A Call Girl',2011,'Drama',4,'',30),(1179,'Secret Millionaire',2012,'Reality',3,'',60),(1180,'Secret Princes',0,'',0,'',0),(1181,'See Dad Run',2012,'Comedy',1,'',23),(1182,'Seinfeld',0,'',0,'',0),(1183,'Seven Dwarves',0,'',0,'',0),(1184,'Sex And The City',2004,'Comedy Romance',6,'',30),(1185,'Shake It Up',2012,'Comedy Family',3,'',30),(1186,'Shameless',0,'',0,'',0),(1187,'Shameless (2010)',0,'',0,'',0),(1188,'Shark',0,'',0,'',0),(1189,'Shark Tank',2012,'Reality',4,'',60),(1190,'She Spies',0,'',0,'',0),(1191,'She-Ra Princess Of Power',1987,'Animation Action Adventure',3,'',30),(1192,'Shear Genius',0,'',0,'',0),(1193,'Sherlock',0,'',0,'',0),(1194,'Shipping Wars',2012,'Reality',2,'',30),(1195,'Shit My Dad Says',0,'',0,'',0),(1196,'Shredding For The Wedding',0,'',0,'',0),(1197,'Silent Witness',2013,'Crime Drama Mystery',16,'',60),(1198,'Silver Surfer',1998,'Animation Sci',2,'',22),(1199,'Silverhawks',1986,'Action Sci',1,'',23),(1200,'Simpsons',0,'',0,'',0),(1201,'Sinbad (2012)',0,'',0,'',0),(1202,'Sing If You Can',0,'',0,'',0),(1203,'Single Father',2010,' min',1,'',0),(1204,'Single Ladies',0,'',0,'',0),(1205,'Single White Spenny',0,'',0,'',0),(1206,'Sister Wives',2012,'TV',3,'',0),(1207,'Six Feet Under',2005,'Drama',5,'',55),(1208,'Skeleton Warriors',0,'',0,'',0),(1209,'Skins',0,'',0,'',0),(1210,'Skins (US)',2011,'Comedy Drama',1,'',42),(1211,'Sky Commanders',0,'',0,'',0),(1212,'Slide',2011,'Comedy Drama Romance',1,'',60),(1213,'Sliders',2000,'Sci',5,'',60),(1214,'Small Time Gangster',0,'',0,'',0),(1215,'Small Town Security',2012,'TV',1,'',0),(1216,'Smallville',2011,'Drama Romance Sci',10,'',60),(1217,'Smart Guy',1999,'Comedy Drama Family',3,'',30),(1218,'Smash',0,'',0,'',0),(1219,'Smurfs',1989,'Animation Family Fantasy',9,'',30),(1220,'SNL Weekend Update Thursday',0,'',0,'',0),(1221,'Snooki And JWOWW',0,'',0,'',0),(1222,'So Random!',2012,'Comedy Musical',1,'',0),(1223,'So Weird',2001,'Family Adventure Mystery',3,'',30),(1224,'So You Think You Can Dance',0,'',0,'',0),(1225,'So You Think You Can Dance Canada',2011,'Reality',4,'',60),(1226,'Son Of A Gun',2011,'TV',1,'',0),(1227,'Sonic Underground',2000,'Animation Action Adventure',1,'',30),(1228,'Sons Of Anarchy',2012,'Crime Drama Thriller',5,'',45),(1229,'Sons Of Guns',2012,'Reality',5,'',60),(1230,'Sons Of Tucson',2010,'Comedy',1,'',30),(1231,'Sorority Girls',0,'',0,'',0),(1232,'South Beach Tow',2012,'TV',2,'',0),(1233,'South Of Nowhere',0,'',0,'',0),(1234,'Southland',2013,'Crime Drama',5,'',42),(1235,'Southpark',0,'',0,'',0),(1236,'Space Cases',0,'',0,'',0),(1237,'Spaced',0,'',0,'',0),(1238,'Spartacus Blood And Sand',2013,'Action Adventure Biography',3,'',60),(1239,'Spartacus Gods Of The Arena',0,'',0,'',0),(1240,'Spartacus Vengeance',0,'',0,'',0),(1241,'Spawn',1999,'Animation Action Crime',3,'',30),(1242,'Spectreman',0,'Fi Adventure',0,'',0),(1243,'Speed Buggy',0,'',0,'',0),(1244,'Spellbinder',0,'',0,'',0),(1245,'Spider-Man',0,'',0,'',0),(1246,'Spin City',2002,'Comedy',6,'',30),(1247,'Spirited',0,'',0,'',0),(1248,'SpongeBob SquarePants',2012,'Animation Comedy Family',10,'',30),(1249,'Spooks',0,'',0,'',0),(1250,'Squidbillies',2012,'Animation Comedy',7,'',0),(1251,'Stacked',2006,'Comedy',2,'',30),(1252,'Star Trek',0,'',0,'',0),(1253,'Star Trek Deep Space Nine',1999,'Action Drama Sci',7,'',45),(1254,'Star Trek Enterprise',2005,'Action Adventure Sci',4,'',60),(1255,'Star Trek The Next Generation',1994,'Action Adventure Sci',7,'',45),(1256,'Star Trek Voyager',2001,'Action Adventure Sci',7,'',45),(1257,'Star Wars The Clone Wars',2012,'Animation Action Adventure',5,'',22),(1258,'Stargate Atlantis',2009,'Action Drama Sci',5,'',45),(1259,'Stargate SG-1',2007,'Action Adventure Sci',10,'',42),(1260,'Stargate Universe',2011,'Drama Sci',2,'',43),(1261,'Stars Earn Stripes',2012,'TV',1,'',0),(1262,'State Of Georgia',2011,'Comedy',1,'',23),(1263,'Staten Island Cakes',0,'',0,'',0),(1264,'Static Shock',2004,'Animation Action Adventure',4,'',30),(1265,'Steven Seagal Lawman',2010,'Reality',2,'',30),(1266,'Still Game',2007,'Comedy',6,'',30),(1267,'Still Standing',0,'',0,'',0),(1268,'Storage Hunters',2012,'TV',2,'',0),(1269,'Storage Wars',0,'',0,'',0),(1270,'Storage Wars Texas',2012,'TV',3,'',0),(1271,'Storm Chasers',2011,'Documentary Reality',6,'',0),(1272,'Strange Days At Blake Holsey High',0,'',0,'',0),(1273,'Strange Sex',0,'',0,'',0),(1274,'Strangers With Candy',2000,'Comedy',3,'',22),(1275,'Strictly Come Dancing',0,'',0,'',0),(1276,'Strike Back',2012,'Action Drama Thriller',3,'',45),(1277,'Stuck With Hackett',2011,'Reality',1,'',22),(1278,'Student Bodies',0,'',0,'',0),(1279,'Stylista',0,'',0,'',0),(1280,'Suburgatory',0,'',0,'',0),(1281,'Sugar High',0,'',0,'',0),(1282,'Sugar Rush',0,'',0,'',0),(1283,'Suits',2012,'Comedy Drama',2,'',60),(1284,'Sullivan And Son',0,'',0,'',0),(1285,'Summerland',2005,'Drama',2,'',60),(1286,'Supercar',1962,'Family Sci',2,'',30),(1287,'SuperFriends (1978)',0,'',0,'',0),(1288,'SuperFriends The Legendary Super Powers Show',0,'',0,'',0),(1289,'Superman The Animated Series',2000,'Animation Action Adventure',3,'',30),(1290,'Supernanny',0,'',0,'',0),(1291,'Supernatural',0,'',0,'',0),(1292,'Supersize Grime',0,'',0,'',0),(1293,'Surface',2006,'Drama Mystery Sci',1,'',60),(1294,'Surprise Homecoming',0,'',0,'',0),(1295,'Surviving Suburbia',2009,'Comedy',1,'',30),(1296,'Surviving The Cut',0,'',0,'',0),(1297,'Survivor',0,'',0,'',0),(1298,'Survivors',0,'',0,'',0),(1299,'Svetlana',2011,'Comedy',2,'',22),(1300,'Swamp Brothers',2011,'TV',1,'',0),(1301,'Swamp Loggers',2012,'TV',4,'',0),(1302,'Swamp People',2012,'TV',3,'',0),(1303,'Swat Kats The Radical Squadron',0,'',0,'',0),(1304,'Sweet Genius',0,'',0,'',0),(1305,'Swift And Shift Couriers',0,'',0,'',0),(1306,'Swingtown',0,'',0,'',0),(1307,'Switched At Birth',2013,'Drama Family',2,'',60),(1308,'Swords Lives On The Line',0,'',0,'',0),(1309,'T.I. And Tiny The Family Hustle',0,'',0,'',0),(1310,'Tabatha\'s Salon Takeover',0,'',0,'',0),(1311,'Take Me Out (US)',0,'',0,'',0),(1312,'Take The Money And Run',2011,'Game',1,'',60),(1313,'Tales From The Crypt',1996,'Comedy Crime Horror',7,'',25),(1314,'Tales From The Dark Side',0,'',0,'',0),(1315,'TaleSpin',1991,'Animation Adventure Comedy',1,'',30),(1316,'Tanked',2012,'TV',3,'',0),(1317,'Tarzan',0,'',0,'',0),(1318,'Tattoo School',0,'',0,'',0),(1319,'Taxi',0,'',0,'',0),(1320,'Teen Mom',0,'',0,'',0),(1321,'Teen Mom 2',2012,'Documentary Reality',2,'',60),(1322,'Teen Titans',2006,'Animation Action Adventure',5,'',30),(1323,'Teen Wolf  (2011)',0,'',0,'',0),(1324,'Teenage Mutant Ninja Turtles',0,'',0,'',0),(1325,'Teenage Mutant Ninja Turtles (1988)',0,'',0,'',0),(1326,'Teenage Mutant Ninja Turtles (2012',0,'',0,'',0),(1327,'Terminator The Sarah Connor Chronicles',2009,'Action Sci',2,'',60),(1328,'Terra Nova',2011,'Adventure Mystery Sci',1,'',46),(1329,'Terriers',0,'',0,'',0),(1330,'Testees',2008,'Comedy',1,'',30),(1331,'Texas Car Wars',0,'',0,'',0),(1332,'Texas Women',0,'',0,'',0),(1333,'That 70s Show',2006,'Comedy Romance',8,'',45),(1334,'Thats So Raven',2007,'Comedy Family Fantasy',4,'',30),(1335,'The 4400',2007,'Sci',4,'',43),(1336,'The A-List New York',2011,'TV',2,'',0),(1337,'The A-Team',1987,'Action Adventure Crime',5,'',60),(1338,'The Adjustment Bureau',0,'',0,'',0),(1339,'The Adventures Of Pete And Pete',0,'',0,'',0),(1340,'The Adventures Of Sinbad',1976,'Animation Fantasy',1,'',24),(1341,'The Adventures Of T-Rex',0,'',0,'',0),(1342,'The Alfred Hitchcock Hour',1965,'Crime Drama Mystery',3,'',50),(1343,'The Amazing Chan And The Chan Clan',0,'',0,'',0),(1344,'The Amazing Race',0,'',0,'',0),(1345,'The Animals Of Farthing Wood',1995,'Animation Family',3,'',25),(1346,'The Apprentice',0,'',0,'',0),(1347,'The Apprentice UK',2012,'Game',8,'',59),(1348,'The Avengers Earths Mightiest Heroes (2010)',0,'',0,'',0),(1349,'The Bachelor',2013,'Game',17,'',60),(1350,'The Bachelor (UK)',0,'',0,'',0),(1351,'The Bachelorette',2012,'Game',8,'',60),(1352,'The Bad Girls Club',2012,'Reality',9,'',44),(1353,'The Beast',0,'',0,'',0),(1354,'The Bernie Mac Show',2006,'Comedy Drama Family',5,'',30),(1355,'The Best Thing I Ever Ate',2011,'TV',6,'',0),(1356,' The Beverley Hillbillies',0,'',0,'',0),(1357,'The Big Bang Theory',2012,'Comedy',6,'',21),(1358,'The Big C',2013,'Comedy Drama',4,'',30),(1359,'The Biggest Loser',0,'',0,'',0),(1360,'The Black Adder',0,'',0,'',0),(1361,'The Block',0,'',0,'',0),(1362,'The Body Farm',0,'',0,'',0),(1363,'The Bomb Squad',0,'',0,'',0),(1364,'The Boondocks',2010,'Animation Action Comedy',4,'',20),(1365,'The Borgias',0,'',0,'',0),(1366,'The Bots Master',0,'Action Animation Comedy',1,'',23),(1367,'The Brady Bunch',1974,'Comedy Family',5,'',30),(1368,'The Burn With Jeff Ross',2012,'Talk',1,'',30),(1369,'The Cape',0,'',0,'',0),(1370,'The Car Show (2011)',0,'',0,'',0),(1371,'The Case',0,'',0,'',0),(1372,'The Catalina',0,'',0,'',0),(1373,' The Chasers War On Everything',2009,'Comedy',3,'',26),(1374,'The Chicago Code',2011,'Crime Drama',1,'',44),(1375,'The Choice',0,'',0,'',0),(1376,'The City (2008)',2010,'Reality',2,'',30),(1377,'The Cleaner',0,'',0,'',0),(1378,'The Cleveland Show',2012,'Animation Comedy',4,'',22),(1379,'The Client List',0,'',0,'',0),(1380,'The Closer',0,'',0,'',0),(1381,'The Colbert Report',2012,'Comedy News Talk',9,'',30),(1382,'The Colony',0,'',0,'',0),(1383,'The Comic Strip Presents',0,'',0,'',0),(1384,'The Commish',0,'',0,'',0),(1385,'The Daily Show With Jon Stewart',2012,'Comedy News Talk',18,'',30),(1386,'The Dead Files',2012,'Horror Sci',2,'',60),(1387,'The Dead Zone',2007,'Drama Fantasy Mystery',6,'',60),(1388,'The Deep End',0,'',0,'',0),(1389,'The Defenders',2011,'Drama',1,'',60),(1390,'The Devil\'s Ride',2012,'TV',1,'',0),(1391,'The Dr Phil Show',2012,'Talk',10,'',60),(1392,'The Dresden Files',2008,' min',1,'',0),(1393,'The Drew Carey Show',2004,'Comedy Drama',9,'',30),(1394,'The Drunk And On Drugs Happy Funtime Hour',0,'',0,'',0),(1395,'The Dukes Of Hazzard',1985,'Action Adventure Comedy',7,'',60),(1396,'The Ellen DeGeneres Show',2012,'Comedy Talk',10,'',60),(1397,'The Emmy Awards',0,'',0,'',0),(1398,'The Event',2011,'Crime Drama Mystery',1,'',43),(1399,'The Ex List',2011,'Comedy Drama',13,'',60),(1400,'The Exes',2012,'Comedy',2,'',30),(1401,'The Facts Of Life',1988,'Comedy',9,'',30),(1402,'The Fades',2011,'Fantasy Horror',1,'',55),(1403,'The Fantastic Four (1967)',0,'',0,'',0),(1404,'The Fantastic Four (1994)',0,'',0,'',0),(1405,'The Farmer Wants A Wife (AU)',0,'',0,'',0),(1406,'The Fast Show',2000,'Comedy',3,'',30),(1407,'The Finder',2012,'Comedy Crime Drama',1,'',44),(1408,'The Firm',2012,'Action Drama',1,'',60),(1409,'The First 48',2012,'Crime Mystery Reality',13,'',60),(1410,'The Flintstones',1966,'Animation Family Comedy',6,'',30),(1411,'The Food Hospital',2012,'TV',2,'',0),(1412,'The Forgotten (2009)',0,'',0,'',0),(1413,'The Fresh Prince Of Bel-Air',1996,'Comedy Family',6,'',24),(1414,'The Gadget Show',0,'',0,'',0),(1415,'The Game',0,'',0,'',0),(1416,'The Gates',2010,'Crime Drama Mystery',1,'',60),(1417,'The Girls Next Door',2010,'Reality',6,'',0),(1418,'The Glades',2012,'Action Crime Drama',3,'',60),(1419,'The Glam Fairy',0,'',0,'',0),(1420,'The Glass House',0,'',0,'',0),(1421,'The Glee Project',2012,'TV',2,'',0),(1422,'The Golden Girls',1992,'Comedy Drama',7,'',30),(1423,'The Good Guys',0,'',0,'',0),(1424,'The Good Life',1978,'Comedy',4,'',28),(1425,'The Good Wife',2012,'Crime Drama Mystery',4,'',60),(1426,'The Goode Family',0,'',0,'',0),(1427,'The Graham Norton Show',2012,'Comedy Talk',12,'',60),(1428,'The Great British Bake Off',0,'',0,'',0),(1429,'The Great Escape',0,'',0,'',0),(1430,'The Great Food Truck Race',2012,'Show Reality',3,'',0),(1431,'The Greatest American Hero',1986,'Action Adventure Family',3,'',60),(1432,'The Green Room With Paul Provenza',2011,'Talk',2,'',30),(1433,'The Guardian',0,'',0,'',0),(1434,'The Gummi Bears',1991,'Fantasy Animation Family',6,'',30),(1435,'The Haunted',0,'',0,'',0),(1436,'The High Low Project',0,'',0,'',0),(1437,'The Hills',0,'',0,'',0),(1438,'The Hogan Family',0,'',0,'',0),(1439,'The Hogan Family (aka Valerie)',0,'',0,'',0),(1440,'The Hotel (2011)',0,'',0,'',0),(1441,'The Inbetweeners',0,'',0,'',0),(1442,'The Inbetweeners (US)',0,'',0,'',0),(1443,'The Inside',0,'',0,'',0),(1444,'The Invisible Man',0,'',0,'',0),(1445,'The IT Crowd',0,'',0,'',0),(1446,'The Jonathan Ross Show',0,'',0,'',0),(1447,'The Kennedys',2011,'Drama History',1,'',0),(1448,'The Kill Point',2007,'Crime Drama',1,'',0),(1449,'The Killing',0,'',0,'',0),(1450,'The King Of Queens',2007,'Comedy',9,'',22),(1451,'The Knights Of Prosperity',2007,'Comedy Crime',1,'',30),(1452,'The L Word',0,'',0,'',0),(1453,'The L.A. Complex',2012,'Drama',2,'',60),(1454,'The Larry Sanders Show',1998,'Comedy',6,'',30),(1455,'The Last Airbender The Legend Of Korra',0,'',0,'',0),(1456,'The Latest Buzz',0,'',0,'',0),(1457,'The League',0,'',0,'',0),(1458,'The Legend Of Zelda',1989,'Animation Adventure',1,'',30),(1459,'The Librarians',2010,'Comedy',3,'',30),(1460,'The Life And Times Of Tim',0,'',0,'',0),(1461,'The Listener',2013,'Crime Drama Fantasy',4,'',42),(1462,'The Little Couple',2012,'Reality',5,'',30),(1463,'The Looney Tunes Show (2011)',2012,'Animation Comedy Family',2,'',0),(1464,'The Lost Room',2006,' min',1,'',0),(1465,'The Lying Game',0,'',0,'',0),(1466,'The Magic School Bus',1997,'Animation Fantasy Adventure',4,'',30),(1467,'The Manhattan Project',0,'',0,'',0),(1468,'The Marriage Ref',2011,'TV',2,'',0),(1469,'The Mentalist',2012,'Crime Drama Mystery',5,'',43),(1470,'The Middle',0,'',0,'',0),(1471,'The Middleman',2008,'Comedy Drama Sci',1,'',43),(1472,'The Mighty Boosh',2007,'Comedy Fantasy Musical',3,'',27),(1473,'The Millionaire Matchmaker',2011,'TV',5,'',0),(1474,'The Mindy Project',2012,'Comedy',1,'',30),(1475,'The Mob Doctor',2012,'Crime Drama',1,'',60),(1476,'The Moment Of Truth',2008,'Show Reality',3,'',0),(1477,'The Nanny',0,'',0,'',0),(1478,'The Neighbors',0,'',0,'',0),(1479,'The New Adventures Of Old Christine',2010,'Comedy',5,'',22),(1480,'The New Normal',2012,'Comedy',1,'',30),(1481,'The New Shmoo',0,'',0,'',0),(1482,'The Newsroom (2012)',2013,'Drama',2,'',60),(1483,'The Next',0,'',0,'',0),(1484,'The Next Food Network Star',2012,'Game',8,'',60),(1485,'The Next Iron Chef',2012,'TV',5,'',0),(1486,'The Nine Lives Of Chloe King',0,'',0,'',0),(1487,'The O.C.',2007,'Comedy Drama Romance',4,'',44),(1488,'The Office',0,'',0,'',0),(1489,'The Office UK',2003,'Comedy Drama',3,'',29),(1490,'The Onion News Network',2011,'Comedy News',2,'',22),(1491,'The Only Way Is Essex',2012,'TV',7,'',0),(1492,'The Originals With Emeril',2011,'Reality',1,'',30),(1493,'The Pacific',0,'',0,'',0),(1494,'The Pauly D Project',0,'',0,'',0),(1495,'The Philanthropist',2009,'Action',1,'',60),(1496,'The Pickup Artist',2008,'TV',2,'',0),(1497,'The Pillars Of The Earth',2010,'  min',1,'',0),(1498,'The Pirates Of Dark Water',1993,'Animation Action Adventure',3,'',30),(1499,'The Pitch',2012,'Documentary Reality',1,'',60),(1500,'The PJs',2008,'Comedy Animation',3,'',30),(1501,'The Playboy Club',2011,'Crime Drama',1,'',60),(1502,'The Practice',2004,'Crime Drama Mystery',8,'',60),(1503,'The Pretender',2000,'Drama Sci',4,'',60),(1504,'The Protector',2011,'Drama',1,'',60),(1505,'The Queens Palaces',2011,'Documentary',1,'',171),(1506,'The Raccoons',1991,'Animation Comedy Drama',5,'',25),(1507,'The Rachel Zoe Project',2011,'TV',4,'',0),(1508,'The Real Adventures Of Jonny Quest',0,'',0,'',0),(1509,'The Real Ghost Busters',0,'',0,'',0),(1510,'The Real Housewives Of Atlanta',2012,'TV',5,'',0),(1511,'The Real Housewives Of Beverly Hills',2012,'TV',3,'',0),(1512,'The Real Housewives Of DC',2010,'Reality',1,'',60),(1513,'The Real Housewives Of Miami',2012,'TV',2,'',0),(1514,'The Real Housewives Of New Jersey',2012,'TV',4,'',0),(1515,' The Real Housewives Of New York City',2012,'TV',5,'',0),(1516,'The Real Housewives Of Orange County',2012,'TV',7,'',0),(1517,'The Real Housewives Of Vancouver',0,'',0,'',0),(1518,'The Real Hustle (UK)',0,'',0,'',0),(1519,'The Real L Word',2012,'TV',3,'',0),(1520,'The Real World (1994)',0,'',0,'',0),(1521,'The Renovators (AU)',0,'',0,'',0),(1522,'The Restoration Man',0,'',0,'',0),(1523,'The Riches',2008,'Comedy Crime Drama',2,'',45),(1524,'The Ricky Gervais Show',2012,'Animation Comedy',3,'',30),(1525,'The River',0,'',0,'',0),(1526,'The Rob Brydon Show',0,'',0,'',0),(1527,'The Sarah Jane Adventures',2011,'Drama Family Sci',5,'',60),(1528,'The Sarah Silverman Program',2010,'Comedy',3,'',22),(1529,'The Savage Dragon',0,'',0,'',0),(1530,'The Scooby-Doo Show',1978,'Animation Comedy Family',3,'',0),(1531,'The Secret Circle',2012,'Drama Fantasy Horror',1,'',45),(1532,'The Secret Life Of The American Teenager',0,'',0,'',0),(1533,'The Sex Education Show',0,'',0,'',0),(1534,'The Shadow Line',0,'',0,'',0),(1535,'The Shark Tank',0,'',0,'',0),(1536,'The Shield',2008,'Crime Drama Thriller',7,'',60),(1537,'The Simple Life',2007,'Reality',5,'',22),(1538,'The Sing Off',2011,'Family Game',3,'',120),(1539,'The Six Million Dollar Man',1978,'Action Adventure Crime',5,'',60),(1540,'The Sopranos',2007,'Crime Drama',6,'',58),(1541,'The Soul Man',0,'',0,'',0),(1542,'The Soup',0,'',0,'',0),(1543,'The Spectacular Spider-Man',2009,'Animation Action Adventure',2,'',0),(1544,'The Starter Wife',2008,'Comedy Drama',1,'',60),(1545,'The Strip',0,'',0,'',0),(1546,'The Suite Life Of Zack And Cody',2008,'Comedy Family',3,'',30),(1547,'The Suite Life On Deck',2011,'Action Adventure Comedy',4,'',30),(1548,'The Super Mario Bros. Super Show!',1989,'Animation Family Fantasy',1,'',30),(1549,'The T. O. Show',0,'',0,'',0),(1550,'The Tonight Show With Conan OBrien',2010,'Comedy Talk',1,'',62),(1551,'The Tribe',0,'',0,'',0),(1552,'The Tripods',0,'',0,'',0),(1553,'The Tudors',0,'',0,'',0),(1554,'The Twilight Zone',0,'',0,'',0),(1555,'The Ultimate Fighter',2012,'Action Reality',16,'',60),(1556,'The Unit',2009,'Action Drama Thriller',4,'',60),(1557,'The Universe',0,'',0,'',0),(1558,'The Unusuals',2009,'Comedy Drama',1,'',60),(1559,'The Valleys',0,'',0,'',0),(1560,'The Vampire Diaries',2012,'Drama Fantasy Horror',4,'',43),(1561,'The Venture Bros',2012,'Animation Action Adventure',4,'',22),(1562,'The Voice',0,'',0,'',0),(1563,'The Voice (AU)',2012,'Show Music Reality',1,'',0),(1564,'The Voice UK',2012,'TV',1,'',0),(1565,'The Walking Dead',2013,'Drama Horror Thriller',3,'',45),(1566,'The War At Home',2007,'Comedy',2,'',30),(1567,'The Weekenders',2004,'Animation Family',4,'',15),(1568,'The West Wing',2006,'Drama',7,'',42),(1569,'The Whole Truth',2011,'Drama',1,'',60),(1570,'The Wire',0,'',0,'',0),(1571,'The Wonder Years',1993,'Drama Family Comedy',6,'',30),(1572,'The Woody Woodpecker Show',2009,'Animation Family',0,'',30),(1573,'The World According To Paris',2011,'Reality',1,'',60),(1574,'The Worst Week Of My Life',2006,'Comedy',3,'',29),(1575,'The Worst Witch',2001,'Comedy Drama Horror',3,'',30),(1576,'The X Factor (Australia)',0,'',0,'',0),(1577,'The X Factor (UK)',0,'',0,'',0),(1578,'The X Factor (US)',2012,'TV',2,'',0),(1579,'The X Life',0,'',0,'',0),(1580,'The X-Factor',0,'',0,'',0),(1581,'The X-Files',2002,'Drama Mystery Sci',9,'',45),(1582,'The Xtacles',0,'',0,'',0),(1583,'The Xtra Factor',2012,'Music',9,'',60),(1584,'The Yogi Bear Show',0,'',0,'',0),(1585,'The Zack Files',0,'',0,'',0),(1586,'The Zeta Project',0,'',0,'',0),(1587,'There Goes The Neighborhood',0,'',0,'',0),(1588,'Third Watch',2005,'Action Crime Drama',6,'',44),(1589,'This American Life',2009,'Documentary',2,'',22),(1590,'This Is Jinsy',0,'',0,'',0),(1591,'Thorne',0,'',0,'',0),(1592,'Three Rivers',2010,'Drama',1,'',60),(1593,'Threesome',2012,'Comedy',2,'',30),(1594,'Through The Wormhole',2012,'Documentary Family Mystery',3,'',60),(1595,'Thundarr The Barbarian',2004,'Animation Adventure Family',2,'',30),(1596,'ThunderCats',0,'',0,'',0),(1597,'Thundercats (2011)',2012,'Animation Action Adventure',1,'',0),(1598,'Tia And Tamera',0,'',0,'',0),(1599,'Til Death',2010,'Comedy',4,'',30),(1600,'Time Warp',2010,'Documentary',2,'',22),(1601,'Tin Man',2007,' min',1,'',0),(1602,'Titus',2002,'Comedy Drama',3,'',23),(1603,'Todd And The Book Of Pure Evil',0,'',0,'',0),(1604,'Toddlers And Tiaras',0,'',0,'',0),(1605,'Tom And Jerry',0,'',0,'',0),(1606,'Tomorrow People',0,'',0,'',0),(1607,'Ton Of Cash',2011,'TV',1,'',0),(1608,'Top Cat',2000,'Animation Comedy Family',1,'',30),(1609,'Top Chef',0,'',0,'',0),(1610,'Top Chef Canada',2012,'TV',2,'',0),(1611,'Top Chef Just Desserts',2011,'TV',2,'',0),(1612,'Top Chef Masters',2012,'TV',4,'',0),(1613,'Top Gear',0,'',0,'',0),(1614,'Top Gear USA',0,'',0,'',0),(1615,'Top Shot',2012,'TV',4,'',0),(1616,'Torchwood',0,'',0,'',0),(1617,'Tori And Dean Storibook Weddings',0,'',0,'',0),(1618,'TOSH.0',2012,'Comedy',5,'',30),(1619,'Total Drama Island (CA)',0,'',0,'',0),(1620,'Totally Biased With W. Kamau Bell',0,'',0,'',0),(1621,'Touch',0,'',0,'',0),(1622,'Touched By An Angel',2003,'Drama Family Fantasy',9,'',60),(1623,'Tough Cookies (2011)',0,'',0,'',0),(1624,'Tough Love',0,'',0,'',0),(1625,'Tour Of Duty',1990,'Action Drama War',3,'',45),(1626,'Tower Prep',2010,'Drama Fantasy Mystery',1,'',60),(1627,'Traffic Light',0,'',0,'',0),(1628,'Trailer Park Boys',2007,'Comedy Drama',7,'',30),(1629,'Transformers',0,'',0,'',0),(1630,'Transformers Animated',2009,'Animation Action Family',3,'',20),(1631,'Transformers Armada',2003,'Action Animation Adventure',1,'',30),(1632,'Transformers Cyberton',0,'',0,'',0),(1633,'Transformers Energon',0,'',0,'',0),(1634,'Transformers Prime',2012,'Animation Action Adventure',2,'',30),(1635,'Transformers Robots In Disguise',2002,'Adventure Animation Family',1,'',22),(1636,'Trauma',0,'',0,'',0),(1637,'Traveler',0,'',0,'',0),(1638,'Treme',0,'',0,'',0),(1639,'Trollied',2012,'Comedy',2,'',26),(1640,'Tru Calling',2005,'Adventure Drama',2,'',60),(1641,'Truck Stop Missouri',0,'',0,'',0),(1642,'True Blood',0,'',0,'',0),(1643,'True Jackson',0,'',0,'',0),(1644,'True Justice',2012,'Action Crime Drama',2,'',60),(1645,'Trust Us With Your Life',0,'',0,'',0),(1646,'Tudors',0,'',0,'',0),(1647,'Twentysomething',0,'',0,'',0),(1648,'Twin Peaks',1991,'Crime Drama Mystery',2,'',47),(1649,'Two And A Half Men',2012,'Comedy',10,'',22),(1650,'Two Of A Kind',1999,'Comedy',1,'',30),(1651,'Two Pints Of Lager And A Packet Of Crisps',2011,'Comedy',9,'',26),(1652,'UFC',0,'',0,'',0),(1653,'Ugly Americans',2012,'Animation Comedy Horror',2,'',30),(1654,'Ugly Betty',0,'',0,'',0),(1655,'Ultimate Force',2006,'Action War',4,'',49),(1656,'Ultimate Spider Man',0,'',0,'',0),(1657,'Ulysses31',0,'',0,'',0),(1658,'Undeclared',2003,'Comedy',1,'',30),(1659,'Underage And Pregnant',0,'',0,'',0),(1660,'Underbelly',0,'',0,'',0),(1661,'Underbelly (NZ) Land Of The Long Green Cloud',0,'',0,'',0),(1662,'Undercover Boss',0,'',0,'',0),(1663,'Undercover Boss (UK)',0,'',0,'',0),(1664,'Undercovers',2011,'Action Thriller',1,'',60),(1665,'Underemployed',0,'',0,'',0),(1666,'Unforgettable',0,'',0,'',0),(1667,'Unhitched',2008,'Comedy',1,'',30),(1668,'Unique Eats',0,'',0,'',0),(1669,'Unique Sweets',0,'',0,'',0),(1670,'United States Of Tara',2011,'Comedy Drama',3,'',30),(1671,'United Tastes Of America',0,'',0,'',0),(1672,'Unnatural History',0,'',0,'',0),(1673,'Unsupervised',0,'',0,'',0),(1674,'Up All Night',0,'',0,'',0),(1675,'Upstairs Downstairs',0,'',0,'',0),(1676,'V (2009)',2011,'Drama Sci',2,'',42),(1677,'Valentine',2009,'Comedy',1,'',60),(1678,'Vampire High',0,'',0,'',0),(1679,'Vanished',0,'',0,'',0),(1680,'Veep',2013,'Comedy',2,'',28),(1681,'Vegas',0,'',0,'',0),(1682,'Vegas Strip',2012,'TV',2,'',0),(1683,'Veronica Mars',2007,'Drama Crime Mystery',3,'',60),(1684,'Very Important People',0,'',0,'',0),(1685,'Vexed',2012,'Comedy Crime',2,'',60),(1686,'Victorious',2012,'Comedy Drama Family',4,'',30),(1687,'Village SOS',0,'',0,'',0),(1688,'Viva Laughlin',0,'',0,'',0),(1689,'Voltron Force',0,'',0,'',0),(1690,'W.I.T.C.H.',0,'',0,'',0),(1691,'Wake Brothers',0,'',0,'',0),(1692,'Waking The Dead',2011,'Crime Drama Mystery',9,'',100),(1693,'Walker Texas Ranger',2005,'Action Crime Drama',9,'',43),(1694,'Walking The Amazon',0,'',0,'',0),(1695,'Warehouse 13',2013,'Drama Mystery Sci',4,'',60),(1696,'Watch What Happens Live',0,'',0,'',0),(1697,'Waterloo Road',2013,'Drama Romance',8,'',60),(1698,'Watership Down',0,'',0,'',0),(1699,'Web Therapy',0,'',0,'',0),(1700,'Wedding Wars',0,'',0,'',0),(1701,'Weeds',0,'',0,'',0),(1702,'Welcome To Sweetie Pie\'s',0,'',0,'',0),(1703,'Whale Wars',0,'',0,'',0),(1704,'Whale Wars Viking Shores',2012,'Reality',1,'',30),(1705,'What About Brian',2007,'Comedy Drama',2,'',60),(1706,'What I Like About You',2006,'Comedy Drama',4,'',30),(1707,'What Not To Wear',2013,'Family Reality',10,'',60),(1708,'Whats Happening',0,'',0,'',0),(1709,'Wheeler Dealers',0,'',0,'',0),(1710,'Whisker Wars',0,'',0,'',0),(1711,'White Collar',0,'',0,'',0),(1712,'White Heat',0,'',0,'',0),(1713,'Whitechapel',2012,'Crime Mystery Thriller',3,'',180),(1714,'Whites',0,'',0,'',0),(1715,'Whitney',2012,'Comedy',2,'',30),(1716,'Who Do You Think You Are (2010)',0,'',0,'',0),(1717,'Who Do You Think You Are (UK)',0,'',0,'',0),(1718,'Who The (Bleep) Did I Marry',0,'',0,'',0),(1719,'Whos The Boss',1992,'Comedy Family Romance',8,'',30),(1720,'Whose Line Is It Anyway',2006,'Comedy Game',8,'',30),(1721,'Whose Line Is It Anyway (UK)',0,'',0,'',0),(1722,'Wicked Fit',2011,'TV',0,'',0),(1723,'Wild Boys',2011,'Adventure Drama Western',1,'',60),(1724,'Wildfire',0,'',0,'',0),(1725,'Wilfred (US)',2012,'Comedy',2,'',30),(1726,'Will And Grace',0,'',0,'',0),(1727,'Wings',0,'',0,'',0),(1728,'Winners And Losers',0,'',0,'',0),(1729,'Winx Club',2007,'Animation Action Adventure',4,'',30),(1730,'Wipeout (US)',2012,'Comedy Game',7,'',42),(1731,'Wire In The Blood',2008,'Crime Drama Mystery',6,'',50),(1732,'Without A Trace',2009,'Crime Drama Mystery',7,'',60),(1733,'Wizards Of Waverly Place',2012,'Comedy Family Fantasy',4,'',22),(1734,'Wolverine (US)',0,'',0,'',0),(1735,'Wolverine And The X-Men',2009,'Animation Action Adventure',1,'',22),(1736,'Womens Murder Club',2008,'Crime Drama Mystery',1,'',60),(1737,'Wonderfalls',2004,'Comedy Drama',1,'',60),(1738,'Workaholics',2013,'Comedy',3,'',30),(1739,'World Cup 2010',0,'',0,'',0),(1740,'World Shut Your Mouth',0,'Comedy',0,'',29),(1741,'World Without End',0,'',0,'',0),(1742,'World\'s Worst Tenants',2012,'TV',1,'',0),(1743,'Worlds Most Dangerous Roads',0,'',0,'',0),(1744,'Worst Cooks In America',0,'',0,'',0),(1745,'Worst Week',0,'',0,'',0),(1746,'Would I Lie To You',2012,'Comedy Game',6,'',30),(1747,' Wuzzles',0,'',0,'',0),(1748,'WWE Tough Enough',2004,'Action Game',4,'',30),(1749,'X Men Evolution',0,'',0,'',0),(1750,'X-Men',0,'',0,'',0),(1751,'Xena The Warrior Princess',0,'',0,'',0),(1752,'XIII The Series (2011)',0,'',0,'',0),(1753,'Yes, Dear',2006,'Comedy',6,'',30),(1754,'Yes, Minister (UK)',0,'',0,'',0),(1755,'Young Americans',0,'',0,'',0),(1756,'Young Dracula',2012,'Comedy Family',4,'',25),(1757,'Young Dumb And Living Off Mum',0,'',0,'',0),(1758,'Young Justice',2013,'Animation Action Adventure',2,'',0),(1759,'Young Soldiers',0,'',0,'',0),(1760,'Youve Been Framed',0,'',0,'',0),(1761,' Yu-Gi-Oh!',0,'',0,'',0),(1762,'Yukon Men',0,'',0,'',0),(1763,'Z Rocks',0,'',0,'',0),(1764,'Zoey 101',2008,'Comedy Drama Family',4,'',30),(1765,'Zoids Chaotic Century',0,'',0,'',0),(1766,'Zorro (1957)',0,'',0,'',0);
/*!40000 ALTER TABLE `tvshow_complete` ENABLE KEYS */;
UNLOCK TABLES;

--
-- Table structure for table `users`
--

DROP TABLE IF EXISTS `users`;
/*!40101 SET @saved_cs_client     = @@character_set_client */;
/*!40101 SET character_set_client = utf8 */;
CREATE TABLE `users` (
  `id` int(11) NOT NULL AUTO_INCREMENT,
  `email` varchar(255) COLLATE utf8_unicode_ci DEFAULT NULL,
  `password` varchar(255) COLLATE utf8_unicode_ci DEFAULT NULL,
  `created_at` datetime NOT NULL,
  `updated_at` datetime NOT NULL,
  PRIMARY KEY (`id`)
) ENGINE=InnoDB AUTO_INCREMENT=2 DEFAULT CHARSET=utf8 COLLATE=utf8_unicode_ci;
/*!40101 SET character_set_client = @saved_cs_client */;

--
-- Dumping data for table `users`
--

LOCK TABLES `users` WRITE;
/*!40000 ALTER TABLE `users` DISABLE KEYS */;
INSERT INTO `users` VALUES (1,'prithvi@duke.edu','prithvipassword','2012-10-17 23:10:22','2012-10-17 23:10:39');
/*!40000 ALTER TABLE `users` ENABLE KEYS */;
UNLOCK TABLES;
/*!40103 SET TIME_ZONE=@OLD_TIME_ZONE */;

/*!40101 SET SQL_MODE=@OLD_SQL_MODE */;
/*!40014 SET FOREIGN_KEY_CHECKS=@OLD_FOREIGN_KEY_CHECKS */;
/*!40014 SET UNIQUE_CHECKS=@OLD_UNIQUE_CHECKS */;
/*!40101 SET CHARACTER_SET_CLIENT=@OLD_CHARACTER_SET_CLIENT */;
/*!40101 SET CHARACTER_SET_RESULTS=@OLD_CHARACTER_SET_RESULTS */;
/*!40101 SET COLLATION_CONNECTION=@OLD_COLLATION_CONNECTION */;
/*!40111 SET SQL_NOTES=@OLD_SQL_NOTES */;

-- Dump completed on 2012-11-13 14:41:48
